"","code","iso","country","region.x","total","CDI","B.1.1.1","B.1.1.2","B.1.1.3","B.1.1.4","B.1.2.1","B.1.2.2","B.1.2.3","B.1.2.4","B.1.2.5","B.1.3.1","B.1.3.2","B.1.3.3","B.1.3.4","B.1.3.5","B.1.4.1","B.1.4.2","B.1.4.3","B.1.5.1","B.1.5.2","B.1.5.3","B.1.5.4","B.1.6.1","B.1.6.2","B.1.6.3","B.2.1.1","B.2.1.2","B.2.2.1","B.2.2.2","B.2.3.1","B.2.3.2","B.2.3.3","B.2.3.4","B.2.4.1","B.2.4.2","B.2.4.3","B.2.4.4","B.2.4.5","B.2.4.6","B.3.1.1","B.3.1.2","B.3.1.3","B.3.1.4","B.3.1.5","B.3.2.1","B.3.2.2","B.3.2.3","B.3.2.4","B.3.2.5","B.3.3.1","B.3.3.2","B.3.3.3","B.3.4.1","B.3.4.2","B.3.4.3","B.3.4.4","B.3.4.5","B.3.4.6","B.3.4.7","B.3.5.1","B.3.5.2","B.3.5.3","B.1.1","B.1.2","B.1.3","B.1.4","B.1.5","B.1.6","B.2.1","B.2.2","B.2.3","B.2.4","B.3.1","B.3.2","B.3.3","B.3.4","B.3.5","B.1","B.2","B.3","B","Group","GNI2020","HDI","B/HDI","exp","Country Name","GDP2019","GDP2020","forest2019","forest2020"
"1",4,"AFG","Afghanistan","South Asia",35.86,33.96,4.66,0.16,13.73,22.55,16.32,87.31,30.74,56.29,97.53,61.24,87.91,62.19,57.3,65.75,61.42,31.28,35.73,3.51,84.6,0,42.35,70.86,100,93.69,96.41,77.38,64,19.1,6.12,24.56,31.89,16.61,92.18,19.61,24.15,12.84,84.28,0.14,37.58,6.72,20.56,68.01,100,55.33,95,60.9,100,100,62.42,48.49,45.17,75.3,7.3,0,0,0,0.47,55.57,5,90.7,57.7,10.28,57.64,66.87,32.11,32.61,88.18,86.9,41.55,19.79,38.87,46.57,82.25,52.03,11.87,51.13,45.49,51.52,48.97,48.66,"Low income",500,0.511,95.22504892,64.833,"Afghanistan",494.1793499,516.7478708,1.850994088,1.850994088
"2",8,"ALB","Albania","Europe and Central Asia",44.64,44.42,71.37,45.94,62.5,52.75,56.72,92.57,100,100,60.71,7.61,28.34,94.01,33.32,64.02,73.06,60.62,57.36,46.44,66.81,39.38,56.93,12.49,46.04,67.86,88.15,84.68,23.3,12.13,24.85,16.77,21.03,37.84,92.98,89.82,65.18,11.42,1.73,15.81,85.48,17.64,55.6,0,58.3,36.12,41.1,70.2,54.4,83.82,14.52,90.21,70.89,44.47,34.6,100,100,2.7,32.59,55.57,38.6,82.1,39.6,58.14,82,45.46,47.76,52.39,42.13,86.42,17.71,25.12,46.16,43.4,57.13,58.54,44.91,53.43,56.3,48.32,50.85,51.82,"Upper middle income",5210,0.795,65.18238994,78.573,"Albania",5395.659532,5246.096346,28.7919708,28.7919708
"3",12,"DZA","Algeria","Middle East and North Africa",40.7,39.46,35.61,23.24,39.11,71.44,34.85,83.22,100,99.98,97.11,55.96,64.29,71.45,68.61,83.32,47.32,41.54,52.3,83.51,0,44.6,81.44,31.41,49.27,26.39,92.45,93.32,57.29,1.9,18.36,12.23,46.98,13.82,20.69,8.02,11.78,0.47,11.02,43.79,59.89,84.06,20.12,12.51,44.6,96.35,17.3,69.2,100,96.73,40.11,89.24,24.84,61.08,78.9,100,23.5,33.1,30.99,47.11,7.1,80.7,75.4,42.35,83.03,68.72,35.29,52.39,35.69,92.88,29.6,22.85,15.96,44.24,75.91,51.4,46.8,54.4,54.42,45.03,53.74,51.06,"Lower middle income",3550,0.748,68.26203209,76.88,"Algeria",3989.668276,3306.858208,0.81411035,0.81830896
"4",32,"ARG","Argentina","Latin America and The Caribbean",49.27,50.31,54.37,51.98,63.62,22.12,47.01,65.72,100,99.63,28.09,54.41,32.22,59.89,5.39,41.22,66.46,52.56,40.25,79.61,10.96,67.44,50.3,36.97,35.68,68.34,78.27,95.59,47.71,0.7,100,67.59,48.94,94.54,10.25,23.9,16.94,21.72,8.33,92.54,91.53,52.19,60.82,56.57,29.8,62.44,27.6,47.3,44.5,67.57,8.47,96.26,66.39,49.06,60.9,67.3,51.3,5.9,46.11,48.94,16.2,69.4,58.9,48.02,68.09,38.63,39.82,52.08,47,86.93,24.2,77.77,28.95,58.18,49.88,57.04,40.08,48.17,49.92,54.73,50.87,51.83,"Upper middle income",8930,0.845,61.33727811,76.667,"Argentina",10056.63794,8579.017773,10.48017861,10.44071488
"5",51,"ARM","Armenia","Europe and Central Asia",45.44,45.76,61.59,50.57,57.27,51.71,48.8,83.22,100,100,36.79,25.32,25.42,52.31,41.45,73.33,49.97,41.17,63.46,65.95,64.36,16.65,77.25,21.9,62.08,62.53,74.32,90.42,56.03,8.6,37.22,42.62,17.4,54.97,6.48,84.29,72.79,4.98,28.76,25.89,67.75,50.66,19.9,19.34,60.3,85.57,82.4,45.8,100,7.39,32.25,99.94,52.77,28.6,57,50.6,43,8.8,24.95,50.06,19,92.4,48,55.29,73.76,43.57,38.65,56.05,48.84,82.37,32.32,38.05,37.2,43.59,64.23,61.65,30.42,53.13,54.08,50.54,50.33,51.65,"Upper middle income",4220,0.776,66.55927835,75.087,"Armenia",4604.646324,4266.018074,11.54478398,11.5374078
"6",36,"AUS","Australia","East Asia and Pacific",63.78,67.92,87.67,80.49,88.96,67.99,70.38,92.57,88.63,99.94,96,65.9,21.49,64.91,24.62,27.29,91.97,79.79,76.47,100,16.06,81.51,92.05,7.68,2.6,48.07,78.87,87.52,60.64,0.7,72.03,52.56,67.63,92.58,15.43,12.29,12.72,93.9,76.44,86.66,97.42,79.89,74.32,87.78,0,68.15,24.5,44,72.9,0,2.58,99.94,80.77,40.84,98.8,92.4,88.2,92.7,99.66,56.46,40.4,87.3,73.4,81.28,89.51,40.84,62.06,72.4,19.45,83.19,30.67,71.2,49.57,67.88,41.91,61.1,73.23,67.03,64.28,59.38,61.58,61.74,"High income",53730,0.944,65.40254237,83.436,"Australia",54875.28596,51680.31652,17.42131456,17.42131456
"7",40,"AUT","Austria","Europe and Central Asia",62.56,67.31,90.91,83.15,89.71,80.71,72.11,95.05,87.62,100,44.02,32.88,10.68,46.96,22.35,21.9,92.17,76.63,74.82,85.46,14.77,69.02,72.17,0,12.4,45.23,93.56,83.25,36.06,12.03,42.55,75.59,87.68,93.85,99.51,96.31,71.5,18.37,6.06,9.44,92.56,79.89,34.7,59.66,23,35.81,32.5,69.9,57.3,95.08,7.44,100,65.63,34.39,96.4,100,100,94,86.11,74.7,63.7,84.7,54.7,86.12,79.76,26.95,60.9,60.36,19.21,88.4,24.04,74.92,50.2,57.96,58.12,57.69,72.98,67.7,58.88,60.21,61.75,60.28,"High income",48360,0.922,65.37960954,81.544,"Austria",50114.40111,48588.65938,47.20746486,47.25096946
"8",31,"AZE","Azerbaijan","Europe and Central Asia",44.02,43.7,61.59,35.01,42.66,24.41,35.12,79.88,100,93,68.17,19.36,57.36,49.62,53.39,66.08,86.97,33.62,58.15,58.15,40.09,4.06,60.24,40.72,69.32,54,94.18,95.14,24.64,10.24,29.44,25.31,7.64,59.88,95.51,96.35,93.88,11.93,0.94,55.08,83.34,38.16,32.75,0,40.3,63.16,80.2,65.2,100,93.52,16.66,91.43,39.24,45.79,40.7,100,100,3.8,35.03,47.51,11.7,96,44.4,40.92,75.23,49.16,44.69,40.63,54.68,94.66,17.44,30.57,58.95,38.91,80.42,49.11,46.47,50.7,51.18,55.16,52.17,52.83,"Upper middle income",4450,0.756,69.88095238,73.005,"Azerbaijan",4805.753718,4221.407478,13.55336705,13.69286423
"9",48,"BHR","Bahrain","Middle East and North Africa",43.42,42.23,72.6,73.71,71.59,63.21,61.4,79.88,88.63,100,0,92.63,89.99,28.86,82.55,39.24,91.3,65.87,83.89,81.56,16.04,26.58,98.01,35.16,63.19,41.8,99.59,89.99,68.8,7.07,57.75,61.03,10.53,61.71,85.03,90.71,89.77,34.68,0.97,50.47,20.38,71.77,0,0,0,4.59,19.3,71.63,100,100,79.62,100,0,0,77.4,95.1,91.1,86.9,72.5,73.05,2,81.27,69.7,70.28,65.98,66.66,60.27,55.55,46.71,94.79,37.93,47.75,58.61,18.43,59.1,59.87,60.43,50.99,61.88,63.16,47.85,57.62,"High income",19900,0.852,67.62910798,77.292,"Bahrain",23551.93009,20409.9528,0.871794872,0.897435897
"10",50,"BGD","Bangladesh","South Asia",43.76,44.66,27.87,18.61,31.66,15,13.76,43.58,54.28,64.58,94.14,65.87,66.42,64.65,37.83,69.75,62.85,59.08,56.63,24.98,63.16,4.93,98.01,78.99,82.57,87.41,88.94,96.76,68.17,34.5,0,15.66,0,0,99.25,97.8,91.97,8.94,4.37,4.03,32.71,3.79,0,92.17,89.7,25.08,20.3,47.3,44.5,100,67.29,95.49,36.32,22.16,16,4.8,25.7,0,3.12,50.06,4.7,92.7,44.7,23.29,54.07,60.9,44.64,47.77,82.99,92.85,51.33,3.91,51.06,43.67,47.44,66.37,10.26,47.37,50.19,56.26,43.5,49.98,"Lower middle income",2010,0.632,79.08227848,72.591,"Bangladesh",1855.740094,1961.613749,14.46877161,14.46877161
"11",52,"BRB","Barbados","Latin America and The Caribbean",46.07,46.45,60.91,42.62,55.31,42.55,100,59.76,91.33,99.98,64.85,35.1,7.47,1.11,30.06,100,82.94,39.75,27.96,81.56,14.76,40.3,72.17,44.35,45.26,0.09,99.65,91.62,59.52,3.8,56.52,54.18,41.5,65.97,96.95,1.27,91.42,0.48,3.84,25.74,79.44,100,100,0,45.7,65.66,39.5,21.9,9.6,100,20.56,97.22,25.2,42.21,96.5,29.2,77.3,1.1,57.39,74.22,50.4,82.5,39.2,50.35,83.19,34.75,37.66,52.2,29.9,95.64,31.66,54.54,36.62,65.03,47.33,47.66,43.39,57.37,50.24,57.31,52.26,53.26,"High income",14460,0.814,65.42997543,79.19,"Barbados",18148.49785,15373.8547,14.65116279,14.65116279
"12",112,"BLR","Belarus","Europe and Central Asia",50.08,50.82,100,99.51,92.1,63.44,47.01,57.83,46.57,100,61.33,1.96,19.13,100,51.32,8.95,84.42,1.57,56.48,79.61,47.68,43.99,96.02,2.34,52.61,29.47,69.04,93.67,77.74,9.17,38.68,59.81,32.71,87.89,78.68,90.6,96.05,3.07,17.01,4.99,84.78,69.83,57.78,0,19,100,24.1,68.8,54.9,100,15.22,93.5,58.37,32.32,70.6,100,60.8,7.2,41.47,51.37,27.5,91.3,55.1,88.76,62.55,36.27,35.62,66.83,28.14,81.36,43.45,54.77,48.4,46.28,69.56,55.7,44.63,57.97,56.43,58.79,54.12,56.44,"Upper middle income",6330,0.823,68.57837181,74.791,"Belarus",6837.717826,6424.152176,43.12296778,43.19440339
"13",56,"BEL","Belgium","Europe and Central Asia",60.35,64.81,90.91,84.58,90.48,91.46,66.26,95.87,92.08,100,27.84,46.38,8.88,77.37,8,14.08,89.65,56.94,67.4,95.22,15.62,66.46,83.43,13.88,15.63,40.61,82.5,91.89,10.03,7.83,49.8,72.03,78.99,96.64,91.17,82.02,84.25,15.56,9.14,8.69,92.05,89.94,51.03,50.72,19.6,28.73,29,73.7,53.9,100,7.95,100,42.47,23.33,100,100,100,67.9,93.68,89.56,56.2,74.4,43.8,89.36,76.41,30.94,53.5,65.18,23.38,87.19,8.93,74.36,48.47,60.67,57.07,50.14,69.27,58.13,59.91,55.55,58.3,57.92,"High income",45800,0.931,62.21267454,81.628,"Belgium",46591.49161,45205.33594,22.76420079,22.76420079
"14",84,"BLZ","Belize","Latin America and The Caribbean",43.35,42.11,55.8,43.69,56.16,19.98,48.18,60.03,100,96.5,59.13,83.91,68.63,33.07,66.07,47.08,42.67,56.27,57.82,56.2,79.63,53.46,60.24,55.9,51.16,43.1,94.21,91.11,32.85,13.03,60.35,27.48,40.47,58.13,91.49,91.34,2.99,15.3,60,13.52,79.53,29.5,54.95,0,63.2,32.59,21.4,39.4,44.2,100,20.47,97.01,89.99,26.27,37.1,22.7,0,0.6,25.03,51.05,98.6,35.9,57.2,43.91,72.77,59.75,39.19,62.38,50.05,92.66,22.94,46.61,45.77,45.43,47.52,69.16,15.96,63.9,55.45,55.23,48.41,53.02,"Lower middle income",3970,0.716,74.05027933,74.623,"Belize",5078.809944,4115.177008,56.47566857,55.98640947
"15",204,"BEN","Benin","Sub-Saharan Africa",37.83,36.44,13.1,4.83,2.96,14.9,36.54,49.8,0,47.28,98.74,80.64,79.44,62.68,61.73,43.62,30.81,7.51,52.92,9.37,83.13,4.83,46.32,95.13,86.69,76.39,99.94,89.54,73.56,15.03,0,1.09,20.49,18.23,92.95,92.08,90.01,18.92,13.1,7.12,59.74,0.98,24.47,0,85.7,60.83,20.4,20.8,100,100,40.26,35.16,40.71,52.98,9,43.5,23.3,0,1.3,50.81,46,86.4,50.2,8.95,46.47,65.62,22.81,35.91,86.07,94.74,44.3,9.95,52.36,34.18,60.41,38.71,18.58,60.87,41.88,56.52,41.88,46.75,"Lower middle income",1280,0.545,85.77981651,61.771,"Benin",1219.515506,1291.040972,28.24716211,27.80374246
"16",64,"BTN","Bhutan","South Asia",47.9,48.04,26.87,22.71,33.74,55.44,18.55,54.03,96.8,69.13,97.91,65.72,67.47,51.3,4.93,62,60.52,65.87,70.57,52.29,85.98,28.63,92.05,73,63.97,84.33,98.59,74.65,71.44,7.8,0,13.53,4.47,61.87,74.82,96.2,1.51,8.9,70.75,22.25,61.07,14.37,13.59,0,61.1,58.44,56.4,88.1,100,76.23,38.93,94.93,100,53.24,18.6,31.7,4.7,0,16.54,49.08,50.7,96.6,52.3,34.69,67.28,50.28,49.24,64.74,73.77,86.62,39.62,19.97,45.74,30.03,75.83,77.95,17.83,66.53,55.82,52.78,52.88,53.82,"Lower middle income",2860,0.654,82.29357798,71.777,"Bhutan",3322.863329,3000.779327,71.39748296,71.44939696
"17",68,"BOL","Bolivia","Latin America and The Caribbean",43.47,42.7,29.83,26.46,36.19,21.88,25.8,74.61,47.73,98.3,68,59.6,54.12,21.87,27.64,59.32,46.73,37.42,46.24,64,61.06,51.57,91.39,56.86,56.62,54.95,81.78,89.59,61.89,19.27,99.61,23.58,37.16,31.95,31.97,27.21,12.5,24.27,85.43,13.19,81.31,22.5,51.03,95.9,26.3,65.22,28.2,47.6,43.6,31.12,18.69,86.59,84.73,77.28,28.4,38.1,14.6,3.5,14.34,48.75,50.5,75,65.8,28.59,62.89,44.51,32.6,67,56.14,85.68,40.58,48.08,32.43,55.41,43.15,63.34,25.17,63.77,48.65,54.13,50.32,51.03,"Lower middle income",3200,0.718,71.0724234,71.513,"Bolivia",3552.068143,3133.099803,47.10953568,46.92491461
"18",72,"BWA","Botswana","Sub-Saharan Africa",43.09,42.17,31.14,20.51,23.64,30.91,11.54,0,72.5,89.4,51.2,63.59,83.47,20.49,40.93,18.61,31.9,16.22,46.97,50.34,79.18,62.98,92.05,82.94,68.31,47.36,78.76,99.58,58.57,11.93,12.41,9.74,38.72,54.4,70.98,91.94,75.21,19.35,0.58,9.52,79.42,13.37,47.76,17.72,30.5,50.69,68.9,49.5,34,55.16,20.58,85.21,42.87,40.24,20.8,95.8,44.2,1,34.83,44.9,70.7,96,72.5,26.55,44.93,45.42,23.77,71.14,66.21,89.17,35.25,28.82,44.6,37.76,51.65,49.55,33.84,79.73,45.71,53.76,49.24,49.56,"Upper middle income",6640,0.735,67.42857143,69.592,"Botswana",7203.064221,6404.899932,27.12579182,26.91705045
"19",76,"BRA","Brazil","Latin America and The Caribbean",52.57,55.1,46.71,44.42,52.9,24.64,39.47,55.27,42.61,95.36,37.02,62.73,42.45,44.35,30.56,47.98,60.89,78.16,7.07,85.46,0.62,42.4,56.26,48.09,34.79,49.5,58.4,79.52,59.85,8.3,100,64.67,56.81,64.78,21,3.61,9.13,84.59,83.82,82.14,92.28,35.21,51.9,82.25,43.6,67.98,24.6,65.5,49.6,30.38,7.72,98.01,84.79,22.8,42.3,65.4,42.5,49.3,45.63,43.55,51.8,45.4,63.1,42.17,53.95,45.61,36.53,46.19,44.13,68.96,34.08,71.56,47.38,61.05,47.61,63.51,38.27,53.43,45.21,55.17,53.05,51.14,"Upper middle income",7850,0.765,66.8496732,75.881,"Brazil",8897.552966,6796.844542,59.55852618,59.41747805
"20",96,"BRN","Brunei Darussalam","East Asia and Pacific",44.61,43.55,58.46,52.46,58.19,72.69,34.06,82.35,84.84,100,81.97,69.06,49.14,27.36,49.87,80.5,84.95,100,78.02,89.37,15.48,26.23,100,8.14,17.71,48.43,13.3,97.4,58.26,15.67,47.77,6.5,54.03,50.56,99.59,78.36,68.09,3.5,76.04,20.77,100,65.21,77.15,0,0,74.3,34.4,56.07,39.83,100,0,99.81,80.79,33.69,75.8,9.5,74,6,90.45,77.64,12.7,85.93,58.8,60.45,76.65,55.19,65.74,57.77,24.76,55.35,36.97,39.72,57.73,48.47,60.92,60.2,41.35,52.48,58.38,48.72,52.35,53.14,"High income",31510,0.838,63.41288783,75.86,"Brunei Darussalam",31085.96193,27442.95383,72.10626186,72.10626186
"21",100,"BGR","Bulgaria","Europe and Central Asia",46.25,45.9,78.58,69.94,72.38,34.62,52.29,87.31,70.79,100,47.54,0,10.06,58.81,1.51,35.99,79.94,46.91,68.75,60.1,29.36,49.01,84.1,9.5,53.61,40.02,96.27,85.52,64.81,6,61.54,41.86,18.39,47.45,76.26,66.43,78.86,13.13,10.74,17.53,84.31,23.35,50.16,16.58,29.8,81.79,41,51.8,38.9,62.13,15.69,98.22,55.93,35.28,38.2,100,100,13.9,52.83,43.1,37,83.6,44.8,63.88,71.58,21.27,48.9,55.64,34.38,90.9,35.4,42.31,43.82,40.84,55.12,56.61,48.6,55.13,51.32,56.49,50.39,52.73,"Upper middle income",9540,0.816,64.62009804,75.046,"Bulgaria",9879.268533,10079.20338,35.74060427,35.86035372
"22",854,"BFA","Burkina Faso","Sub-Saharan Africa",43.26,45.09,16.93,9.71,3.8,9.72,39.12,64.36,0,81.58,99.56,90.23,82.34,72.61,82.94,45.12,19,3.48,31.05,9.37,89.08,34.62,84.1,95.13,93.37,70.11,82.47,80.16,54.34,10.79,6.12,1.09,0,0.02,94.93,68.94,89.72,9.57,4.39,5.52,54.87,0.64,36.45,0,79.7,95.17,100,65.7,43.9,45.88,45.13,2.44,36.19,63.45,6.2,47.7,33.5,0,0.51,54.12,35.1,85.6,53,10.04,56.92,74.65,13.38,54.29,86.21,81.31,32.57,1.81,45.51,34.33,70.13,27.92,21.62,57.9,47.54,46.14,41.6,45.09,"Low income",790,0.452,99.75663717,61.577,"Burkina Faso",796.1152068,857.9327297,22.90350877,22.72076023
"23",108,"BDI","Burundi","Sub-Saharan Africa",34.88,33.05,7.36,15.84,15.47,25.95,25.65,60.81,2.03,69.62,98.96,92.75,74.52,77.31,60.65,51.42,6.58,2.27,38.68,13.27,95.72,33.29,88.07,96.09,94.38,100,59.65,85.17,52,15.1,12.24,50.4,39.72,11.95,4.17,88.69,26.34,33.15,20.53,4.28,59.87,0,38.62,54.78,100,58.9,32.7,66.5,39.2,100,40.13,29.17,40.81,59.14,7.4,45.2,46.2,0,0,52.4,25.3,90.7,48.5,16.15,51.41,71.33,11.88,57.59,96.82,72.41,33.55,28.58,29.53,50.66,59.46,36.7,22.56,54.83,48.95,44.02,44.84,45.93,"Low income",270,0.433,106.073903,61.584,"Burundi",228.2135892,238.9907259,10.8894081,10.8894081
"24",132,"CPV","Cabo Verde","Sub-Saharan Africa",39.69,37.61,47.31,40.61,51.05,18.46,39.47,58.77,100,74.45,57.77,68.54,52.81,55.05,69.86,26.12,30.86,51.43,35.28,65.95,70.89,42.86,88.07,57.78,57.96,52.7,11.46,94.98,63.06,10.6,63.8,22.72,23.56,15.63,66.6,7.09,80.36,8.29,12.2,97.64,64.97,23.8,52.99,91.84,77.3,41.13,46.8,87.4,100,100,35.03,88.68,34.19,50.99,30.3,44.7,25.6,20.9,20.7,48.64,2.1,72.53,45.2,39.36,66.09,54.48,29.4,66.94,56.15,53.22,36.83,31.43,45.36,62.18,75.07,52.63,27.6,39.94,52.64,43.34,52.21,49.39,"Lower middle income",3060,0.665,74.27067669,72.981,"Cabo Verde",3603.775241,3064.272388,11.27047146,11.34491315
"25",116,"KHM","Cambodia","East Asia and Pacific",41.42,41.17,29.26,26.66,35.58,27.27,9.47,83.22,32.51,68.49,95.65,66.69,62.33,53.22,49.37,60.17,51.09,50.36,52.92,48.39,80.36,16.35,86.08,73.64,83.91,86.7,80.45,85.75,66.66,5.2,18.36,22.72,10.53,21.27,89.89,27.5,21.37,19.04,93.87,22.79,76.31,3.26,52.99,41.13,73.8,45.5,13.8,51,80.8,100,23.69,45.42,68.06,53.93,11.2,41.4,49.4,0,2.89,50.23,31,26.4,49.1,29.69,57.87,58.35,38.59,57.79,81.42,83.1,35.93,18.22,45.74,49.5,58.22,45.72,22.69,35.5,52.58,50.45,42.83,48.61,"Lower middle income",1490,0.594,81.83501684,69.823,"Cambodia",1643.121389,1543.669258,46.58996148,45.7079651
"26",120,"CMR","Cameroon","Sub-Saharan Africa",38.29,37.52,7.99,9.48,7.98,9.35,17.21,35.15,3.9,33.09,97.63,85.39,88.43,51.74,67.39,38.62,21.35,7.8,50.46,21.07,76.61,0,40.36,91.82,86.02,78.41,91.75,90.31,70,18.13,6.12,1.09,4.47,8.91,13.42,17.15,33.8,3.66,87.28,21.17,17.93,4.45,30.13,49.42,80.7,94.89,30.3,47.8,35.8,100,82.07,35.32,73.12,67.8,14.7,39.1,40.4,0,2.38,50.62,27.4,85.3,63.1,8.7,37.4,66.32,19.9,34.51,85.42,91.03,44.07,5.15,29.41,36.53,61.76,63.5,23.48,58.6,39.45,48.45,48.29,45.39,"Lower middle income",1500,0.563,80.62166963,59.292,"Cameroon",1533.095688,1537.130218,43.14797656,43.02951069
"27",124,"CAN","Canada","North America",60.77,63.4,78.58,69.94,80.73,77.3,74.04,94.5,93.24,100,72.19,61.16,15.28,68.02,22.03,29.26,90.86,59.84,62.73,100,15.48,89.76,84.1,11.96,0.04,48.07,93.75,89.59,60.64,5.1,62.25,76.13,87.11,96.83,9.68,94.57,73.47,9.44,23.57,3.4,100,100,56.9,51.04,2.7,52.36,26.7,60.2,61.7,66.21,0,98.55,98.49,37.08,100,100,100,67.4,92.76,81.5,28.8,81.2,82.4,76.64,86.79,39.15,53.36,72.33,20.02,91.67,32.87,80.58,35.69,62.13,53.44,65.68,71.03,64.13,61.41,60.63,62.51,61.51,"High income",43440,0.929,66.21097955,82.434,"Canada",46328.67184,43258.26387,38.69963717,38.69551251
"28",140,"CAF","Central African Republic","Sub-Saharan Africa",31.77,28.89,0,0,0,3.81,0,26.61,0.57,4.04,98.53,64.25,89.49,50.71,35.78,27.77,0.25,5.46,33.62,0,94.25,11.33,0,100,100,92.51,73.86,85.45,55.39,15.57,9.69,1.53,23.34,25.94,14.27,92.42,3.37,11.78,93.07,4.64,37.68,0,22.08,49.25,44.7,56.86,48.6,95.9,42.7,100,62.32,0,86.34,100,2.8,55.7,47.9,0,0,53.18,34.1,98.5,65.5,0.95,25.95,53.6,9.83,26.4,97.5,79.65,35.48,15.12,36.59,30.74,68.81,49.55,29.49,66.03,32.39,46.31,47.76,42.15,"Low income",510,0.397,106.1712846,53.283,"Central African Republic",467.9080323,492.7958712,35.84866288,35.80050724
"29",148,"TCD","Chad","Sub-Saharan Africa",32.28,30.4,0,2.36,0,0,21.01,48.11,5.66,59.7,99.81,90.95,93.08,75.46,64.19,50.32,15.05,0.23,31.93,0,82.15,16.45,6.56,100,99.72,83.5,52.63,86.68,56.52,17.83,6,1.09,10.53,0,99.28,89.61,42.97,18.77,15.52,15.72,26.3,0.38,35.79,0,46.5,91.34,18.6,52.1,57,100,73.7,0,41.76,80.15,5.3,57.6,51.7,0,1.36,53.71,19.2,91.3,67,0.59,46.86,74.8,11.8,26.29,94.41,69.66,37.18,4.4,46.98,21.79,63.81,38.49,28.02,59.17,39.61,44.4,40.9,41.63,"Low income",660,0.398,104.5979899,54.239,"Chad",709.5400432,659.270045,3.511753494,3.425190597
"30",152,"CHL","Chile","Latin America and The Caribbean",53.89,55.93,73.92,60.23,71.21,34.33,54.8,52.33,94.11,100,45.68,70.45,32.23,58.07,29.5,38.82,64.08,56.94,44.1,67.9,14.34,83.51,88.07,29.7,28.44,49.5,96.01,88.25,80.6,5.9,93.96,81,61.94,65.15,7.2,18.86,0.46,5.06,13.66,83.61,81.97,40.36,62.13,82.9,39.2,70.54,25.2,55.7,41.9,4.64,18.03,100,92.15,22.66,59.5,50.5,18.7,71.9,44.31,19.97,31.9,88.3,68.4,59.92,69.39,45.81,41.28,63.46,35.88,92.13,43.25,75.51,21.47,61.31,39.6,70.06,38.22,62.87,54.51,58.74,54.55,55.93,"High income",13470,0.851,65.7226792,80.181,"Chile",14741.7144,13231.70421,24.32686152,24.49215367
"31",156,"CHN","China","East Asia and Pacific",56.34,60.7,59.64,65.05,67.98,77.41,35.67,51.44,100,100,99.95,41.51,23.7,72.42,11.02,42.49,57.22,16.91,87.12,85.46,11.45,34.98,100,23.18,63.75,55.3,97.76,96.02,51.04,19.8,42.05,54.29,20,45.81,0.91,7.66,9.91,30.23,83.05,78.95,42.84,14.57,31.88,73.32,27.7,58.47,32.6,56.1,43.7,43.01,57.16,88.44,50.98,19.16,33,75.8,41.5,9.4,31.59,42.95,20.2,72.2,57.6,67.52,77.41,38.23,40.31,57.97,47.41,96.89,35.42,40.54,35.12,38.06,46.78,65.53,30.06,50,56.85,55.82,45.79,52.81,"Upper middle income",10610,0.761,69.39553219,76.912,"China",10143.83817,10434.77519,23.14116554,23.3405957
"32",170,"COL","Colombia","Latin America and The Caribbean",50,50.75,40.94,45.94,53.09,21.3,43.94,53.74,33.61,93.51,39.62,71.62,53.53,77.61,33.36,67.74,62.65,83.41,8.64,79.61,13.08,90.11,78.13,37.08,22.21,6.37,94.46,96.8,75.32,17.1,81.72,59.37,45.24,56.62,2.62,5.08,20.56,0.93,95.9,69.31,87.55,34.09,70.62,79.65,57.2,68.52,33.3,62,66.6,61.38,12.45,94.99,91,30.1,46,58.5,46.4,25.6,27.2,50.61,52.2,68.9,56.4,40.32,52.89,60.77,38.68,65.23,21.88,95.63,46.21,60.74,32.4,65.82,58.36,66.14,33.4,59.17,47.75,60.88,56.99,55.2,"Upper middle income",5780,0.767,71.96870926,77.287,"Colombia",6424.979492,5334.556042,53.48463272,53.30501127
"33",188,"CRI","Costa Rica","Latin America and The Caribbean",50.54,51.41,60.91,51.5,65.71,27.11,64.37,58.77,82.34,99.8,32.56,79.84,48.27,44.66,46.63,42.53,64.44,85.44,25.07,81.56,17.3,100,92.05,36.23,23.1,14.07,97.71,91.99,68.04,10.4,63.23,48.13,51.86,70.68,10.8,9.02,15.48,4.25,82.17,81.17,88.54,40.36,64.31,0,63.3,68.5,34.3,58.3,33.9,100,11.46,99.62,82.49,12.18,54,55.1,12.1,9.7,44.71,49.95,56.2,72.8,43.4,51.31,67.56,52.39,43.74,72.73,24.46,94.85,39.22,58.47,33.81,51.3,59,64.52,26.83,57.47,53.88,58.88,51.87,54.87,"Upper middle income",11460,0.81,67.74074074,80.279,"Costa Rica",12693.82796,12140.85415,59.11672542,59.43732863
"34",384,"CIV","Cote d'Ivoire","Sub-Saharan Africa",40.04,40.19,5.25,2.62,6.42,6.05,21.6,40.68,1.88,50.02,91.17,87.11,88.66,63.46,67.2,39.09,38.31,8,27.47,23.02,80,15.63,56.26,91.6,88.14,68.69,90.87,82.2,65.07,10.2,13.84,3.37,6.61,12.85,2.57,98.5,10.53,8.8,14.9,4.32,75.97,6.19,37.97,6.17,91.7,84.32,11.8,46.3,55.2,77.52,24.03,45.7,56.68,55.42,10.6,40.4,23.3,0.6,2.88,49.93,45.1,32.3,49.6,5.09,41.07,69.1,18.44,43.73,82.81,86.53,37.64,9.17,23.27,43.6,55.03,42.14,19.03,42.33,40.94,44.53,40.61,42.02,"Lower middle income",2280,0.538,78.10408922,57.783,"Cote d'Ivoire",2276.332394,2325.723705,9.275471698,8.920471698
"35",191,"HRV","Croatia","Europe and Central Asia",52.43,53.95,82.55,73.71,81.28,76.73,67.99,100,92.15,100,29.91,17.38,0,23.6,20.59,17.93,83.55,55.61,85.27,69.85,14.2,52.9,85.42,6.18,37.13,47.48,87.64,93.43,66.94,21.8,19.28,46.94,53.18,66.78,87.4,88.3,84.23,36.43,11.65,8.84,85.85,40.6,32.09,41.77,38.9,60.67,39,49.3,55.6,100,14.15,99.85,70.57,27.37,58.3,100,81.7,51.7,53.52,50.29,44.5,88.9,42.6,78.57,78.01,15.9,56.11,55.59,30.27,90.53,44.37,46.54,52.81,47.84,60.91,61.53,53.23,58.67,55.18,61.66,55.64,57.49,"High income",14190,0.851,67.55581669,78.488,"Croatia",15311.7669,14132.48656,34.22177063,34.26594805
"36",192,"CUB","Cuba","Latin America and The Caribbean",47.29,47.59,55.8,81.79,79.66,27.18,71.35,64.36,61.13,99.97,48.43,34.2,12.78,59.97,20.42,22.26,80.92,78.16,44.08,93.27,19.92,67.44,100,42.75,37.91,78.88,97.71,80.65,57.03,2.9,40.26,30.18,25.44,65.5,99.99,95.65,74.25,1.01,3.07,7.21,83.62,58.9,63.22,18.91,48.4,27.14,21.3,65.5,55.2,42.88,16.38,93.98,57.55,52.22,63.1,62.5,89.6,3.6,36.86,43.85,33.5,95.7,50.1,61.11,69.05,29.93,50.79,70.16,53.18,89.18,29.96,40.35,46.86,54.61,42.41,55.97,43.98,59.77,56.86,55.05,51.05,54.32,"Upper middle income",8630,0.783,69.37420179,78.802,"Cuba",9125.878679,9477.852873,31.23314066,31.23314066
"37",196,"CYP","Cyprus","Europe and Central Asia",55.57,58.67,87.67,97.17,100,92.38,74.64,70.37,90.55,100,14.11,64.15,36.57,45.12,22.3,70.13,89.71,57.64,69.44,83.51,15.43,23.72,93.37,5.76,27.44,46.53,76.12,91.69,61.69,10.4,79.56,49.32,79.2,47.08,5.91,39.07,76.22,24.51,27.94,5.07,86.6,89.94,25.56,0,31.2,52.96,37.7,54.9,38.8,99.7,13.4,99.56,36.39,32.18,97.7,100,83.1,50,76.65,51.57,14.6,84.77,36.4,94.3,69.93,47.66,54.2,54.01,26.58,83.9,36.04,63.79,29.79,46.66,56.81,49.78,62.8,45.26,60.88,54.48,51.45,55.6,"High income",26110,0.887,62.6832018,80.982,"Cyprus",29206.07672,27527.84531,18.67424242,18.67207792
"38",203,"CZE","Czech Republic","Europe and Central Asia",52.49,53.01,100,91.1,92.1,65.79,75.9,76.71,90.28,100,45.77,24.76,6.01,36.58,26.79,34.83,89.15,47.28,73.92,79.61,15.65,69.23,91.39,18.05,33.57,55.42,80.41,90.21,69.81,16.7,37.89,67.16,75.47,95.4,86.83,72.86,99.14,7.43,18.55,2.13,88.11,59.78,36.88,51.04,20.4,60.04,24,75.6,26.8,100,11.89,99.78,44.58,30.75,74.5,100,100,60.8,71.51,77.36,49.4,87,48.9,87.25,77.73,25.79,52.59,63.97,35.68,85.31,43.26,68.98,47.82,51.24,57.29,52.08,62.51,61.77,60.18,62.31,55.95,59.48,"High income",22070,0.9,66.08888889,79.376,"Czech Republic",23660.14881,22933.49959,34.65388601,34.67733161
"39",180,"COD","Dem. Rep. Congo","Sub-Saharan Africa",35.64,34.42,9.98,8.06,4.63,4.64,7.69,56.08,1.11,37.03,99.61,82.14,84,69.05,50.71,48.95,8.25,14.24,31.37,11.32,85.84,12.51,16.5,94.6,94.38,90.14,86.39,87.74,56.89,20.27,0,17.21,34.59,52.95,8.85,20.43,15.41,17.25,91.76,5.19,52.43,0.84,35.14,57.87,100,96.78,25.2,49.2,51.5,0,47.57,0,73.05,100,9.8,45.4,50.2,0,0.03,54.15,27.7,78,74,6.83,40.3,66.97,13.47,31.54,93.04,87.06,38.58,26.19,26.48,49.26,44.54,40.21,29.35,59.9,39.34,48.72,44.39,44.15,"Low income",550,0.574,76.91637631,60.681,"Congo, Dem. Rep.",580.7168706,543.9503925,56.13312896,55.64731259
"40",208,"DNK","Denmark","Europe and Central Asia",62.51,66.27,94.88,72.72,87.51,93.12,75.57,95.05,89.45,100,59.57,54.25,3.85,53.46,1.22,32.69,95.44,87.64,73.97,89.37,15.48,74.86,96.02,13.35,14.63,58.5,95.41,76.98,48.74,5.1,49.44,63.27,60.94,100,81.42,87.47,97.38,2.77,14.4,40.5,95.59,89.94,54.29,41.45,31.8,18.51,26.2,72.7,60.6,100,4.41,100,42.29,37.56,100,100,100,100,100,28.99,34.9,93.4,44.5,87.06,83.93,29.09,64.27,68.93,28.83,86.2,26.92,68.41,53.99,62.62,55.6,48.9,76.79,57.6,63.43,60.08,59.45,60.98,"High income",62720,0.94,64.87234043,80.898,"Denmark",59775.7351,61063.31643,15.6875,15.711
"41",214,"DOM","Dominican Republic","Latin America and The Caribbean",42.58,41.81,38.54,18.15,34.21,11.92,40.96,52.33,68.29,73.76,78.49,49.68,49.21,46.46,65.69,59.6,0,51.99,27.38,75.71,39.29,68.51,66.2,56.96,44.37,45.94,85.52,96.88,56.08,27.4,53.31,36.67,21.1,74.8,95.48,25.11,12.11,10.69,0.81,3.63,91.02,35.89,64.31,0,59.1,52.32,23.7,63.4,43,47.04,8.98,93.68,52.24,29.04,37.8,85.7,72.9,5.8,27.87,44.1,39.6,64.6,44.1,25.7,62.77,54.13,19.84,62.43,49.09,91.2,41.74,46.47,24.64,50.06,45.89,51.63,37.02,49.43,46.12,53.86,46.72,48.9,"Upper middle income",7260,0.756,64.68253968,74.081,"Dominican Republic",8282.117131,7268.19691,44.21465535,44.3821155
"42",218,"ECU","Ecuador","Latin America and The Caribbean",47.03,47.29,47.01,47.54,52.71,16.12,39.47,64.36,44.07,99.94,82.02,82.41,56.54,41.28,60.62,44.43,49.58,58.35,38.52,81.56,30.02,48.14,42.35,46.38,33.79,48.07,77.68,86.53,57.52,9,87.29,85.76,42.18,65.79,1.7,31.99,0.96,91.61,96.33,96.97,89.58,40.6,66.92,13.82,55.9,54.56,38.6,36.2,34.4,100,10.42,90.68,84.36,19.39,50,25.2,31.6,0,24.55,52.52,47.4,74.3,48.9,40.84,65.97,57.06,36.61,50.52,42.75,82.1,33.26,70.25,53.26,53.36,52.75,61.82,21.54,56.87,49.69,60.47,49.55,53.23,"Upper middle income",5530,0.759,70.13175231,77.01,"Ecuador",6222.524653,5600.389615,50.58020615,50.32142857
"43",818,"EGY","Egypt","Middle East and North Africa",47.76,49.73,55.31,34.48,42.79,26.72,61.4,83.22,100,92.96,98.03,48.9,56.22,53.14,58.02,76.73,77.54,72.51,15.66,64,18.43,13.84,90.06,54.29,84.91,32.32,99.7,79.62,64.16,9.5,41.35,0,55.6,47.13,8.7,92.38,4.91,5.24,18.39,4.82,0.35,100,24.47,15.61,60.4,53.42,61.1,100,50.6,97.77,99.65,98.85,0,13.89,85,54.3,58.4,42,25.32,49.82,10.6,97,77.1,39.82,87.12,58.6,41.43,46.58,57.17,89.66,36.83,36.02,22.41,40.17,72.58,66.17,39.84,61.57,55.7,49.76,55.21,53.55,"Lower middle income",3000,0.707,75.74257426,71.99,"Egypt, Arab Rep.",3019.092283,3569.206841,0.045185594,0.045185594
"44",233,"EST","Estonia","Europe and Central Asia",54.75,55.9,80.46,100,99.78,81.71,60.1,73.18,90.83,100,11.98,13.81,2.61,67.02,54.12,21.22,93.32,43.08,58.95,77.66,15.71,53.87,84.1,2.76,7.17,23.43,90.61,95.68,49.23,36.2,60.53,52.89,79.2,100,76.18,91.88,96.87,4.77,7.38,10.51,99.67,32.76,59.95,41.29,5.7,51.74,17.1,63.1,77.7,100,0.33,99.24,71.28,40.53,60.2,100,93.3,69.6,59.13,61.89,31.3,78.2,60.5,90.49,67.22,31.76,48.84,57.83,11.12,93.15,42.72,73.15,47.93,47.87,61.93,56.95,60.39,56.67,54.97,65.43,55.8,58.73,"High income",23270,0.892,65.84080717,78.745,"Estonia",23397.87826,23054.35849,56.09385783,56.09385783
"45",231,"ETH","Ethiopia","Sub-Saharan Africa",40.76,41.32,12.92,7.85,18.36,21.67,21.24,61.92,22.53,30.28,98.05,92.91,84.13,68.66,71.06,56.57,27,1.72,29.92,7.41,73.81,14.2,44.33,96.09,76.78,93.1,99.51,81.43,54.53,13.41,6.12,22.72,6.47,23.34,7.7,6.49,12.47,7.08,99.08,3.64,59.77,0.33,41.89,47.47,83.5,100,40.5,53,60.3,100,40.23,3.08,43.55,53.15,10.5,26.1,21.2,0,0.22,54.48,26.1,95.5,56.7,15.2,46.8,74.67,14.66,34.94,88.66,90.47,33.97,14.66,22.74,46.59,70.76,28.95,15.88,59.43,43.74,45.69,44.12,44.51,"Low income",890,0.485,91.77319588,66.597,"Ethiopia",855.7608852,936.3404611,15.17886663,15.11422483
"46",242,"FJI","Fiji","East Asia and Pacific",44.42,42.99,56.81,35.28,36.5,28.5,33.56,64.36,50.89,0,64.27,44.66,56.02,0,30.22,38.85,67.99,65.87,32.1,56.2,79.47,26.38,69.52,67.44,81.01,27.22,90.52,92.78,94.82,10.7,100,17.31,43,66.6,11.48,2.02,36.35,17.21,82.04,97.5,94.59,18.1,79.11,43.89,61.2,43.29,38.1,58.5,36.4,100,5.41,89.27,87.11,52.38,22.6,100,6.5,3.9,26.09,51.5,6.1,88.6,72.1,39.27,42.62,33.95,41.49,57.89,58.56,91.65,52.76,56.73,41.1,59.38,55.26,60.6,30.21,55.6,45.14,62.8,52.52,53.48,"Upper middle income",4720,0.743,71.97846568,67.444,"Fiji",6175.890653,5057.631913,62.03284072,62.39846743
"47",246,"FIN","Finland","Europe and Central Asia",63.48,67.93,100,95,99.78,86.09,76.57,96.97,90.98,100,82.47,36.13,12.61,90.19,40.89,20.3,94.91,51.43,64.25,83.51,15.29,57.91,84.1,0,0,32.55,68.08,81.52,44.74,22.9,58.99,68.57,79.35,100,71.73,75.41,86.23,10.92,3.07,22.69,100,84.06,66.05,19.67,18.7,69.93,18.4,49,35,64.64,0,100,80.39,39.92,100,100,86.2,100,90.89,52.46,26.4,61.6,75.8,95.22,89.4,40.03,52.65,60.2,10.85,74.8,33.82,76.72,45.01,57.7,47.39,60.13,73.86,54.6,62.49,57.25,57.95,59.22,"High income",49620,0.938,63.13432836,81.908,"Finland",48628.64176,48755.35501,73.73321927,73.73321927
"48",250,"FRA","France","Europe and Central Asia",62.76,67.72,82.55,75.8,83,90,66.63,87.41,86.36,100,34.53,52.99,4.48,64.63,21.33,23.96,91.44,57.64,70.47,83.51,15.53,65.39,94.04,1.27,1.49,66.2,85.94,85.59,65.91,14.4,42.77,68.02,78.81,87.13,98.95,20.69,16.65,9.23,21.88,29.89,93.38,89.94,44.5,63.88,36.7,53.19,33.6,70.6,45,100,6.62,100,56.02,30.89,100,100,100,88,96.25,58.81,50.2,88.6,43.8,82.84,74.99,33.48,54.89,64.62,22.99,85.76,40.16,69.19,32.88,65.68,60.48,54.21,73.59,60.87,58.73,57.83,62.24,59.6,"High income",39500,0.901,66.14872364,82.659,"France",40578.64429,39037.12263,31.35673546,31.50904837
"49",266,"GAB","Gabon","Sub-Saharan Africa",36.71,33.45,21.18,16.97,23.07,12.18,0,33.87,5.21,55.75,90.26,79.41,82.07,42.35,72.18,41.05,39.03,25.14,51,26.93,67.16,37.9,28.43,82.52,68.98,37.17,93.62,91.77,57.64,5.5,6.12,1.09,14.8,61.88,13.75,14.62,2.95,2.4,9.88,4.81,53.08,36.07,59.95,0,49.3,76.41,44.7,42.8,45.2,100,46.92,72.31,98.73,50.04,42.2,91,89.4,0,38.34,44.28,30.7,96.6,71.5,18.35,37.02,63.41,28.8,40.1,62.89,92.7,31.57,20.97,8.07,39.68,61.82,72.65,44.43,66.27,40.15,43.07,55.96,46.39,"Upper middle income",6970,0.703,65.9886202,66.467,"Gabon",7766.996554,6881.715192,91.36678698,91.32068149
"50",268,"GEO","Georgia","Europe and Central Asia",44.98,44.24,62.28,58.38,62.78,31.32,31.69,65.06,100,100,0,0,29.27,30.47,38.12,38.01,71.07,44.71,57.95,60.1,60.43,42.51,78.13,24.04,66.98,53.88,98.38,85.73,50.61,10.62,67.1,9.64,0,51.67,97.06,95.89,78.49,15.62,4.34,21.33,80.54,15.39,31,24.22,59.5,57,81.5,51.6,41.6,100,19.46,94.81,77.53,32.51,29.3,0,1.8,46.6,31.77,49.54,28.8,95.4,47.4,53.69,59.35,27.17,43.43,60.29,48.3,92.06,30.62,32.1,52.12,42.13,66.34,63.93,20.28,57.2,49.65,56.07,49.8,51.84,"Upper middle income",4290,0.812,63.84236453,73.767,"Georgia",4697.983652,4256.701186,40.61591596,40.61591596
"51",276,"DEU","Germany","Europe and Central Asia",63.55,68.45,84.93,80.49,87.51,77.52,73.18,95.78,92.1,100,66.29,36.19,5.36,53.61,14.49,27.83,95.22,64.92,75.22,93.27,15.47,92.01,83.87,8.86,17.42,49.97,80.19,96.1,33.33,4.9,56.24,70.73,82.66,98.56,81.4,84.94,92.01,23.67,13.4,6.58,93.12,100,46.68,55.27,23.2,37.5,38.2,65.4,40.2,82.1,6.88,100,45.13,31.41,100,91.9,100,97,88.78,85.46,56.4,86.1,45.6,82.61,85.47,27.5,58.84,71.15,25.41,88.14,19.11,77.04,50.33,63.65,52.68,50.67,72.73,62.7,61.77,59.32,59.67,60.25,"High income",46990,0.947,63.6219641,81.326,"Germany",46794.89929,46252.6893,32.68361097,32.68361097
"52",288,"GHA","Ghana","Sub-Saharan Africa",42.75,42.94,17.61,13.05,20.84,21.03,20.78,34.89,7.79,41.98,97.43,81.51,78.76,56.85,63.64,49.73,33.97,18.06,31.06,23.02,83.54,22.54,90.06,86.36,84.35,57.2,97.97,87.48,61.19,6.9,0,14.5,22.2,13.18,2.74,94.88,7.98,6.97,89.72,12.72,65.05,4.92,31,63.07,89.9,69.07,13.7,43.8,17,96.16,34.95,71.33,42.29,56.09,17.8,45.1,17.8,0,5.76,49.92,38.8,84.5,48.4,18.14,40.57,66.1,20.77,54.79,75.97,92.73,34.05,12.47,35.83,50.79,47.95,49.52,20.36,57.23,44.41,49.47,45.31,46.39,"Lower middle income",2230,0.611,75.92471358,64.074,"Ghana",2246.625578,2205.529016,35.06407665,35.09585128
"53",300,"GRC","Greece","Europe and Central Asia",54.78,57.49,100,80.49,87.51,81.09,77.99,72,91.02,100,58.05,29.17,2.16,62.91,0,58.49,82.55,72.51,75.38,77.66,15.59,33.34,100,0,27.89,34.92,84.38,93.06,70.23,4.5,56.87,31.59,47.66,19.86,28.07,87.89,5.64,21.19,27.23,23.38,87.93,74.01,37.1,71.2,27.4,43.49,42.8,62.9,44.1,76.54,12.07,100,63.7,34.58,84,85.8,72.1,81.7,77.34,24.99,32.1,89.7,37.2,87.27,79.81,30.54,57.61,56.65,20.94,88.72,37.37,38.99,32.23,59.53,53.97,58.59,62.22,53,58.83,52.67,57.04,56.17,"High income",17950,0.888,63.2545045,82.239,"Greece",19133.75776,17647.23269,30.26997673,30.26997673
"54",324,"GIN","Guinea","Sub-Saharan Africa",35.44,34.03,6.48,5.02,0.56,2.46,17.49,45.6,2,39.97,98.56,82.45,88.53,62.28,58.02,47.53,22.8,10.49,45.56,3.51,86.07,10.71,0,93.1,99.83,87.53,77.92,83.67,41.84,28.1,67.44,0,5.22,16.15,13.79,99.23,3.52,17.01,78.16,41.28,75.75,0.15,39.28,18.37,72.7,61.7,9.4,9.4,50.4,100,24.25,32.59,79.91,87.94,6.1,18.3,41.6,0,1.25,52.28,18.3,83.1,50.5,3.63,40.72,67.76,19.71,25.07,93.49,80.79,34.97,22.2,42.16,41.25,46.18,45.58,22.17,50.63,38.66,49.23,41.04,42.97,"Low income",1020,0.477,90.08385744,61.602,"Guinea",1058.143368,1194.037865,25.34999186,25.18720495
"55",340,"HND","Honduras","Latin America and The Caribbean",39.69,37.59,45.29,39.96,47.84,18.77,45.92,68.78,82.95,76.71,76.71,67.38,69.47,60.2,36.32,89.9,60.66,50.89,0,58.15,57.65,44.5,62.23,68.83,55.95,44.64,84.14,79.5,63.35,16.5,70.97,31.37,34.27,61.68,2.74,25.51,12.29,22.44,89.68,11.45,82.47,10.13,59.08,43.57,74.8,49.98,16.9,58.5,61.4,99.43,17.53,91.06,71.23,29.97,19.4,65.4,56.4,3.1,9.69,49.69,52.4,24.2,49.3,37.97,70.21,64.65,27.89,55.63,56.47,81.82,39.92,49.57,27.35,54.01,57.24,59.94,26.28,41.97,52.63,51.67,48.41,50.9,"Lower middle income",2200,0.634,80.28391167,75.27,"Honduras",2556.456891,2389.012431,57.02216463,56.83492716
"56",348,"HUN","Hungary","Europe and Central Asia",51.95,53.31,75.34,84.58,88.22,46.66,71.85,72.23,95.15,100,45.65,9.83,0,47.11,9.91,17.34,84.14,48.82,74.87,75.71,14.43,40.46,85.42,21.26,41.81,43.45,93.82,95.6,64.38,13.5,74.23,70.4,59.3,96.7,98.56,80.53,87.52,1.15,21,17.06,88.29,23.65,43.19,31.38,35.8,50.26,24.7,76.1,43.4,100,11.71,100,35.41,32.83,43.7,93.8,100,53.8,61.66,73.98,30.8,88.5,37.1,73.7,76.98,16.84,51.96,54,35.51,94.71,38.94,75.16,50.97,44.46,58.89,49.04,55.11,52.13,53.97,66.14,51.04,57.04,"High income",15890,0.854,66.79156909,76.875,"Hungary",16735.65978,15980.10823,22.51227263,22.49627438
"57",352,"ISL","Iceland","Europe and Central Asia",55.8,56.2,94.88,100,100,85.9,77.63,93.4,88.57,100,77.35,57.23,21.53,89.02,29.71,29.09,100,32.82,76.48,95.22,15.44,74.76,84.1,3.94,0.82,52.7,89.36,87.77,46.59,2.8,59.39,58.94,42.35,92.38,90.61,74.52,87.9,5.69,7.54,6.46,99.98,89.94,61.48,28.45,8.4,48.37,23.8,100,100,100,0.02,100,100,34.26,100,11.6,77.3,15.6,98.37,1.11,47.8,100,81.3,95.19,87.39,45.32,52.32,67.38,19.15,88.57,24.7,63.27,45.45,57.65,74.43,66.67,48.16,76.37,65.22,57.17,63.89,62.09,"High income",62410,0.949,65.42676502,82.993,"Iceland",68941.46223,59264.03409,0.502727363,0.509273034
"58",356,"IND","India","South Asia",48.06,50.91,31.01,14.88,28.79,67.92,15.98,51.11,42.16,44.97,84.74,61.13,66.26,54.87,4.3,26.77,62.26,64.92,51.35,38.63,30.75,7.03,72.17,92.78,88.25,66.68,76.16,84.38,70.68,17,43.22,6.5,4.47,60.83,10.42,24.48,17.55,34.76,99.66,79.48,0,7.03,0,98.83,66.5,54.69,31.8,47.8,55,22,100,81.37,42.77,30.69,18.6,42.4,31.8,2.2,8.76,50.2,8.7,85.9,46.3,35.65,47.79,42.66,44.63,37.15,82.57,80.27,43.84,28.76,44.39,34.47,42.26,74.71,19.21,46.97,46.71,52.97,43.52,47.73,"Lower middle income",1900,0.645,74,69.656,"India",2100.751461,1927.707823,24.18062754,24.27022827
"59",360,"IDN","Indonesia","East Asia and Pacific",48.64,49.77,27.47,31.24,38.43,29.88,8.1,74.22,47.69,62.61,90.46,47.96,57.39,30.32,33.26,84.31,74.09,61.42,42.91,42.54,38.45,33.24,56.26,82.73,64.97,80.42,96.03,98.61,61.07,11.9,9.57,0,100,8.13,6.87,6.95,11.99,39.46,100,97.07,87.58,15.48,56.47,90.87,58.5,45.02,19,43.8,81.8,45.25,12.42,84.39,68.22,26.41,23.3,68.3,12.6,0,26.06,48.66,20.2,46.8,66.2,31.76,56.62,50.65,44.61,42.62,76.04,97.32,36.49,29.43,43.72,61.78,46.97,55.01,22.38,44.4,49,56.54,46.98,50.83,"Lower middle income",3870,0.718,70.79387187,71.716,"Indonesia",4135.201531,3869.588427,49.39429641,49.07178037
"60",364,"IRN","Iran","Middle East and North Africa",47.08,48.07,70.22,41.94,52.9,33.32,60.1,83.22,100,99.99,56.8,60.78,62.39,61.35,63.51,57.55,45.72,32.04,41.48,71.8,0,100,100,33.77,52.28,22.72,91.11,96.74,66.22,10.3,28.17,23.01,100,34.27,4.38,3.22,7.87,0.69,93.01,28.22,59.77,84.06,13.16,88.75,21.8,63.25,93.2,52.1,45.4,75.76,40.23,95.06,47.83,49.27,82.8,99.6,62,3.7,42.18,48.68,8.5,95.8,62.8,49.6,80.02,61.12,29.81,67.95,36.25,93.92,38.26,46.36,22.9,53.51,65.94,61.04,48.51,55.7,56.17,53.39,56.52,55.36,"Lower middle income",2870,0.783,70.70242656,76.677,"Iran, Islamic Rep.",3114.622753,2422.480657,6.596103784,6.601261082
"61",368,"IRQ","Iraq","Middle East and North Africa",37.64,35.91,41.82,25.09,36.29,18.41,41.35,53.41,100,94.34,68.62,67.81,90.93,56.02,100,70.42,29.44,66.87,49.82,50.34,54.72,21.36,50.3,32.06,46.48,38,88.61,81.19,18.71,13.95,27.09,24.13,44.17,5.83,98.49,75.81,97.33,20,1,13.52,31.73,84.06,8.8,32.84,37,42.82,96.3,49.4,54.9,100,68.27,95.85,40.93,48.46,75.7,7.2,21.1,19.5,31.03,51.37,2.7,98.1,69.5,30.4,71.55,77.03,36.53,44.18,38.85,84.9,16.33,25.3,51.03,38.89,68.68,68.35,29,56.77,50.17,48.8,51.85,50.27,"Upper middle income",4660,0.674,74.58456973,70.604,"Iraq",5980.626918,4145.862936,1.900361184,1.900361184
"62",372,"IRL","Ireland","Europe and Central Asia",59.08,61.67,90.91,83.15,91.28,81.31,73.18,92.85,88.88,100,45.73,65.39,22.18,87.44,17.68,36.39,97.04,62.25,76.93,79.61,15.66,93.03,90.06,3.4,4.83,35.04,78.74,87.17,34.71,11.8,21.76,63.48,87.64,89.86,81.37,86.13,93.74,29.04,7.34,8.05,97.84,84.06,77.36,13.17,13.3,49.65,22.5,71.2,72.6,85.09,2.16,95.15,71.99,0,100,100,100,89.7,85.5,45.39,43.7,96.9,45,86.66,80.13,45.81,59.05,69.59,14.43,82.95,23.25,65.69,50.95,57.15,60.21,56.43,67.89,61.87,62.8,56.88,59.79,59.82,"High income",65750,0.955,62.63874346,82.305,"Ireland",80886.61574,85422.54287,11.29365655,11.35172013
"63",376,"ISR","Israel","Middle East and North Africa",50.83,51.97,100,86.08,88.22,73.79,84.28,89.1,86.86,100,5.76,79.83,33.69,49.33,38,56.96,94.86,100,85.35,91.32,15.5,51.41,98.01,15.59,22.43,28.05,89.24,82.96,60.09,9.53,29.63,53,68.7,83.39,20.37,88.88,1.62,0.38,3.01,13.7,81.54,89.94,24.26,8.94,26.7,73.33,37,45.3,100,100,18.46,100,9.97,26.15,100,95.7,100,81.7,65.98,0,12.2,76.8,51,87.02,73.2,51.56,70.05,64.06,22.02,86.1,34.81,58.68,21.33,46.28,71.13,42.81,67.08,46.67,63.94,51.78,53.71,56.47,"High income",42610,0.919,61.44722524,82.972,"Israel",43951.24773,44177.57122,6.469500924,6.469500924
"64",380,"ITA","Italy","Europe and Central Asia",57.51,60.66,100,86.08,92.95,88.73,69.92,87.31,81.81,100,50.95,32.19,3.61,39.82,8.07,49.05,90.91,65.87,85.57,91.32,15.5,57.45,90.06,0,12.29,40.49,99.67,98.83,56.03,0.6,68.59,100,73.15,66.01,15.96,85.52,22.08,3.5,2.71,12.23,87.27,79.89,20.56,72.66,36.6,39.74,35.8,71.7,41.9,100,12.73,99.84,56.13,34.87,90.4,87.8,75,58.8,79.98,78.29,41.1,89.1,39.4,91.94,78,26.55,60.59,63.58,17.59,99.25,28.32,76.94,23.67,59.4,57.83,56.23,60.98,56.53,59.98,58.15,57.68,58.6,"High income",32200,0.892,65.69506726,83.512,"Italy",33641.63375,31769.96587,31.94948443,32.13021865
"65",392,"JPN","Japan","East Asia and Pacific",59.9,62.77,90.91,100,98.69,97.66,60.1,87.94,80.8,100,91.65,43.45,0,84.06,0,20.18,95.72,71.28,100,93.27,15.51,100,94.04,17.94,0.49,49.14,81.38,74.96,61.7,1.1,100,53.21,100,99.76,31.6,29.22,15.31,91.15,91.36,82.98,93.52,84.06,38.84,100,23,41.66,42.9,19.6,41,73.24,6.48,98.28,57.67,25.4,100,56.4,99,75.3,93.44,66.4,28.3,68.6,56.9,96.81,84.1,29.54,66.75,75.7,22.52,78.17,31.4,88.24,56.94,67.88,43.68,54.14,64.22,51.27,66.24,62.84,56.14,61.74,"High income",42330,0.919,67.18171926,84.629,"Japan",40777.6087,40193.25244,68.40877915,68.40877915
"66",400,"JOR","Jordan","Middle East and North Africa",45.72,45.16,51.44,39.96,49.82,45.37,74.04,67.85,100,100,48.38,88.99,71.19,60.19,100,97.82,58.23,50.89,59.86,79.61,73.72,53.15,56.26,30.67,46.15,1.98,93.82,89.49,43.76,9.82,13.67,39.05,54.57,11.17,86.99,96.4,80.1,26.14,16.63,6.31,67.16,100,19.25,0,68.7,99.9,79.6,46,100,100,32.84,98.05,7.26,36.8,100,37.9,100,18.6,23.17,49.04,10.9,92.1,68,46.65,78.05,83.64,42.24,65.69,26.27,91.65,26.79,29.61,52.1,51.02,85.1,46.05,45.21,57,58.73,54.56,56.22,56.5,"Upper middle income",4310,0.729,77.50342936,74.526,"Jordan",4405.487109,4282.765825,1.09822032,1.09822032
"67",398,"KAZ","Kazakhstan","Europe and Central Asia",46.3,46.3,78.58,59.6,60.39,42.31,33.07,57.83,100,100,66.74,38.22,41.96,75.44,26.11,15.47,70.32,15.01,49.28,79.61,39.29,36.26,78.13,25.32,50.05,57.55,99,99.36,59.32,9.83,61.73,49.32,30.28,68.45,14.46,96.32,70.44,15.65,4.41,45.09,90.89,31.29,42.98,0,2.1,59.09,69.5,49.9,67.7,0.43,9.11,91.45,58.32,74.2,40.7,100,50.4,28.6,40.69,42.9,4.4,97.2,64.8,60.22,71.53,39.44,33.65,58.32,44.31,99.18,34.58,52.45,41.06,33.45,49.32,52.96,47.8,55.47,53.14,59.96,46.66,53.25,"Upper middle income",8680,0.825,64.54545455,73.597,"Kazakhstan",9812.595808,9122.23343,1.268822462,1.279653295
"68",404,"KEN","Kenya","Sub-Saharan Africa",44.51,45.25,15.75,15.84,22.63,17.95,10.66,29.88,17.69,83.78,97.11,100,69.29,80.78,76.29,52.15,26.58,9.42,41.82,38.63,77.95,33.44,80.12,94.28,78.45,82.43,94.83,98.45,64.08,5.2,29.54,39.37,51.26,32.36,12.4,15.99,1.09,2.23,99.63,7.43,72.64,1.86,53.2,82.9,84.3,79.94,27.8,53.2,68.9,100,27.36,27.04,30.25,65.07,13.9,42.1,31.5,0.5,2.4,50.29,26.2,85.3,56.5,18.04,47.82,75.7,19.46,57.54,85.05,96.64,34.64,38.13,23.13,58.98,65.97,28.22,22.21,56,48.82,52,46.49,49.1,"Lower middle income",1760,0.601,81.69717138,66.699,"Kenya",1912.647867,1878.580703,6.344818498,6.344818498
"69",417,"KGZ","Kyrgyzstan","Europe and Central Asia",41.57,40.27,46.71,31.48,45.56,39.6,25.19,64.36,100,65.34,82.93,54.94,65.59,100,63.21,45.54,70.37,32.82,58.27,67.9,72.74,32.63,76.14,38.15,62.86,49.26,90.03,97.39,64.74,12.51,42.61,48.02,26.44,58.84,17.78,86.74,91.35,15.66,13.68,10.35,79.87,20.25,19.03,61.51,68.1,47.64,93.6,47.1,60.07,45.22,20.13,82.65,68.67,60.74,26.8,36.1,0,0.2,4.79,50.87,20.6,93.4,58.7,40.84,67.56,65.86,40.36,62.35,50.09,93.71,38.63,43.98,39.26,49.75,58.73,57.15,18.38,57.57,54.93,57.27,48.46,53.55,"Lower middle income",1160,0.697,76.82926829,71.45,"Kyrgyz Republic",1374.032105,1175.698152,6.762982273,6.858081335
"70",418,"LAO","Laos","East Asia and Pacific",40.52,40.41,26.68,14.48,21.25,21.23,19.57,68.78,46.24,67.74,96.76,64.15,57.6,46.43,38.27,56.24,55.79,45.57,19.51,30.83,84.14,12.05,60.24,80.16,85.47,77.7,66.19,71.4,64.07,20.43,6.18,0,12.7,62.01,25.15,9.08,24.81,11.19,92.88,16.95,76.93,0.78,46.68,61.28,77.3,100,13.6,43,44.6,11.99,23.07,72.16,84.86,20.75,9.4,40.3,2.4,0,9.05,49.85,29.6,6.4,57.6,20.91,59.82,52.54,30.22,46.81,81.11,68.79,42.25,20.22,30.01,52.59,42.64,60.03,11.7,31.2,47.14,43.69,40.8,43.87,"Lower middle income",2480,0.613,71.56606852,67.923,"Lao PDR",2635.800015,2629.714583,72.05372617,71.9042461
"71",428,"LVA","Latvia","Europe and Central Asia",53.48,55.11,67.17,86.08,88.96,58.92,48.8,58.77,95.49,100,30.86,0,0,46.31,54.23,10.77,83.27,26.55,44.32,69.85,14.93,38.82,100,8.32,38.69,36.11,95.48,95.34,51.87,3.5,60.42,55.05,37.16,93.13,94.12,98.91,93.59,6.4,2.77,24.57,91.39,37.17,58.86,30.4,35.3,50.93,18.2,43.2,58.2,100,8.61,97.63,69.96,38.51,55.2,100,89.7,90.7,47.51,60.96,31.9,75.9,59.4,75.28,66.78,22.26,38.54,55.9,27.71,95.41,27.68,61.44,53.39,50.62,54.11,58.74,60.23,55.73,50.67,61.84,55.1,55.87,"High income",17890,0.866,64.51501155,75.292,"Latvia",17926.84159,17736.50375,54.87067161,54.93300048
"72",422,"LBN","Lebanon","Middle East and North Africa",43.38,42.13,59.64,62.89,70.46,61.58,60.1,92.57,48.66,100,42.39,48.2,36.92,64.97,64.38,79.62,59.8,46.01,55.63,73.76,80.8,57.61,44.33,34.19,54.5,20.59,79.52,96.08,57.43,14.94,72.23,28.13,41.36,34.66,99.96,86.89,81.82,9.98,11.61,7.89,70.11,84.06,30.35,61.77,63.9,72.62,33.1,100,40.73,100,29.89,86.17,37.2,23.68,80.3,63.1,71.1,38.2,36.19,44.43,13.5,84.6,34.2,63.64,68.75,58.82,40.36,64.12,36.43,87.8,36.19,44.1,49.69,62.04,69.29,51.09,44.65,44.1,57.28,57.53,54.44,56.41,"Upper middle income",5510,0.744,75.81989247,78.93,"Lebanon",7578.172368,4649.547646,13.95210166,14.01075269
"73",426,"LSO","Lesotho","Sub-Saharan Africa",37.27,35.73,7.49,0,4.14,11.74,0,0,63.41,81.56,93.79,40.05,66.8,0,2.44,0,16.48,0,50.78,24.98,94.45,0,76.14,97.05,96.49,64.54,83.74,87.06,71.8,15.84,6.12,22.72,23.52,61.89,81.68,97.16,89.07,21.01,0.65,5.54,73.32,8.41,45.37,52.01,70.5,72.3,44,54,100,100,26.68,47.37,53.7,52.86,10,43.3,44.7,0.3,2.84,51.55,10.6,94.3,43.5,5.84,47.75,21.86,16.81,48.89,86.03,85.4,43.82,28.56,49.18,49.92,74.06,42.58,22,49.47,36,55.82,47.7,46.5,"Lower middle income",1100,0.527,88.23529412,54.331,"Lesotho",1113.37214,875.353433,1.137022398,1.137022398
"74",430,"LBR","Liberia","Sub-Saharan Africa",35.2,33.59,4.03,3.16,4.7,1.72,8.32,42.57,0,34.08,99.29,93.75,80.7,70.66,85.18,63.16,0,18.81,29.92,7.41,94.95,16.45,32.41,95.66,86.91,65.73,13.87,89.5,50.16,16,6.12,11.91,12.31,61.92,97.85,99.72,1.35,21.14,71.8,54.17,85.75,0.55,48.63,27.8,100,77.25,11.2,36.9,53.4,100,14.25,53.58,90.6,93.38,11.4,48.9,16.6,0,0.46,54.12,17.2,42,57.2,3.4,36.85,78.69,12.18,37.8,82.77,51.69,33.08,23.06,57.67,52.54,55.75,52.81,24.39,38.8,39.4,43.69,45.41,42.83,"Low income",530,0.48,89.22916667,64.104,"Liberia",672.3404992,632.9363856,79.39887874,79.08471761
"75",434,"LBY","Libya","Middle East and North Africa",37.74,34.81,43.47,50.12,57.96,85.35,35.4,77.06,40.72,99.9,68.13,68.32,77.1,68.07,74.29,62.92,46.2,36.5,58.88,56.2,40.86,52.64,48.31,39.65,68.98,21.77,90.31,90.06,57.78,7.91,27.61,26.07,39.47,3.14,16.99,95.04,95.79,14.6,18.87,8.78,40.87,79.89,22.08,43.24,36.7,69.91,37.5,46.77,43.37,100,59.13,99.8,12.7,71.71,40.33,89.93,82,1.23,40.18,44.27,27.97,84.4,54.17,59.22,64.24,70.14,35.39,49.5,43.47,90.19,32.85,24.07,41.68,44.55,59.51,57.21,46.48,55.51,54.98,51.9,51.95,52.94,"Upper middle income",4850,0.724,73.12154696,72.913,"Libya",7685.948132,3699.294765,0.123327688,0.123327688
"76",440,"LTU","Lithuania","Europe and Central Asia",53.2,54.21,82.55,84.58,88.22,71.56,40.96,72.45,92.62,100,11.29,0,0.03,58.55,53.09,1.68,83.02,18.66,43.35,73.76,15.1,54.69,84.1,13.67,37.35,35.63,85.47,98.15,65.61,5.03,67.91,55.91,55.85,91.02,90.4,91.95,90.16,2.25,24.58,28.94,93.33,47.23,62.78,0,24.9,57.79,21.4,64.4,41.9,100,6.67,96.27,63.88,34.55,64.7,97.3,95.9,51.4,55.47,87.71,33.7,90.7,53.2,81.73,63.46,22.67,36.26,56.91,28.88,91.81,35.32,67.67,54.71,45.65,57.1,55.6,57.05,59.2,51.44,64,53.91,56.44,"High income",19620,0.882,63.99092971,75.933,"Lithuania",19575.76848,20232.30204,35.12693597,35.14290276
"77",442,"LUX","Luxembourg","Europe and Central Asia",55.97,58.59,90.91,92.99,95.66,91.51,66.08,92.94,88.97,100,19.95,56.69,20.62,78.83,25,30.89,94.41,66.87,83.8,93.27,15.53,44.45,100,6.51,7.73,32.43,8.7,89.45,47.87,8.83,40.23,55.91,98.25,96.93,81.34,89.45,59.02,35.31,3.77,2.6,95.18,89.94,45.37,44.06,7.3,100,30.7,100,47.4,100,4.82,99.77,48.5,26.51,100,100,100,98.5,86.58,55.94,64.6,91.8,48.5,92.77,73.59,42.41,61.27,63.31,15.56,49.08,28.35,72.83,45.25,56.37,75.62,51.03,73.09,68.3,61.59,47.09,63.54,57.4,"High income",81110,0.916,62.66375546,82.25,"Luxembourg",113218.7133,116356.158,36.50205761,36.50205761
"78",450,"MDG","Madagascar","Sub-Saharan Africa",38.44,37.79,16.12,17.12,18.42,8.16,12.89,55.27,14.95,19.71,99.03,70.51,81.45,76.8,51.38,55.99,24.04,12.65,33.57,0,70.05,0,38.37,100,98.05,100,78.98,85.17,58.76,13.7,6.12,44.45,13.2,29.18,14.63,7.14,1.23,92.23,87.39,88.99,80.11,0.02,61.91,75.75,89.4,65.01,9.2,70.2,55.5,100,19.89,11.21,75.34,68.2,7.4,41.6,39.4,0,0.17,54.3,17.4,0,46.7,14.95,40.37,67.23,17.56,27.11,99.35,82.07,36.23,23.24,48.6,61.44,59.98,35.48,22.4,21.37,41.67,51.81,41.37,44.95,"Low income",480,0.528,85.13257576,67.041,"Madagascar",522.9895243,471.4914963,21.38712616,21.36440358
"79",454,"MWI","Malawi","Sub-Saharan Africa",35.91,33.37,15.39,17.56,23.64,2.44,20.55,16.22,5.4,31.81,98.01,99.49,63.28,76.49,82,56.37,12.34,17.62,31.62,21.07,97.13,39.74,90.06,92.78,83.46,85.4,91.03,84.31,55.27,21.69,79.13,0,7.21,5.29,2.4,23.35,31.93,2.93,92.49,9.37,78.84,0.27,52.99,100,100,100,20.2,37.9,54.5,98.95,21.16,42.6,40.59,53.26,9.3,60.4,45.8,0,0,54.19,41.1,92.8,50.7,14.76,34.4,75.53,15.4,62,87.21,87.67,38.48,22.91,27.08,66.42,62.31,34.78,24.11,61.53,46,48.48,50.21,48.22,"Low income",580,0.483,99.83436853,64.263,"Malawi",591.8463896,636.8205368,24.22252864,23.77704709
"80",458,"MYS","Malaysia","East Asia and Pacific",52.15,54.2,59.64,60.23,65.71,62.4,28.12,57.83,100,99.59,53.36,58.71,54.31,58.68,51.38,54.5,42.9,41.92,57.01,73.76,19.92,33.03,98.01,48.09,54.5,35.16,66.71,93.52,58.77,11.1,80.59,100,84.83,40.64,4.36,2.02,20.04,1.36,95.11,9.85,88.16,69.83,54.51,29.91,23.7,56.49,12.7,14.8,62.23,97.98,11.84,94.56,79.86,0,70.7,43.3,39,12.4,49.8,44.93,14.6,0,57.1,62,67.78,55.51,35.46,56.18,45.92,80.12,34.94,76.52,22.12,53.22,48.84,62.09,30.74,23.9,55.41,53.21,44.64,51.08,"Upper middle income",10580,0.81,63.0617284,76.156,"Malaysia",11432.823,10412.34898,58.32959976,58.17695937
"81",466,"MLI","Mali","Sub-Saharan Africa",39.78,40.54,6.91,3.43,1.89,0,37.46,57.81,0.89,59.67,99.52,98.05,79.15,76.29,62.75,66,42.25,5.1,42.09,5.46,85.59,17.47,42.35,97.91,84.91,77.93,60.22,83.26,56.05,16.13,6.12,11.91,13.87,0,9.84,72.24,8.45,9.88,11.55,8.03,60.33,0.01,41.89,37.38,73,100,19.3,58.1,63.7,97.54,39.67,64.37,57.08,58.57,6.8,52,47.7,0,1.27,52.77,11.4,97,67.9,3.06,51.07,76.45,22.36,37.72,86.92,71.74,36.09,7.98,20,42.52,67.73,53.71,23.76,58.77,43.65,38.37,48.94,43.65,"Low income",830,0.434,100.5760369,59.306,"Mali",879.0431873,862.4530188,10.89666363,10.89666363
"82",470,"MLT","Malta","Middle East and North Africa",50.13,50,87.67,59.6,71.21,65.3,58.9,82.7,82.57,100,55.06,40.57,13.21,33.55,22.92,52.43,94.3,83.41,64.7,91.32,15.67,69.28,98.01,3.4,25.77,47.36,87.8,94.83,54.72,16.7,58.96,58.73,64.14,72.58,89.07,98.5,97.62,4.01,10.42,9.6,90.79,89.94,19.9,49.42,35.6,45.27,100,100,58.44,100,9.21,100,12.88,31.29,97.1,100,61.6,0,65.68,77.93,14.1,86.68,30.4,70.94,75.84,32.54,60.6,68.57,25.51,91.32,35.71,63.6,51.54,57.13,80.74,40.7,50.81,43.73,58.08,62.4,54.38,58.28,"High income",25370,0.895,65.11731844,82.53,"Malta",30186.19596,28423.2002,1.4375,1.4375
"83",478,"MRT","Mauritania","Sub-Saharan Africa",35.22,32.97,1.41,3.52,8.67,19.75,28.66,48.15,20.29,81.27,95.09,96.99,87.04,70.81,85.74,75.48,34.17,21.52,49.63,11.32,70.16,20.75,44.33,89.04,75.22,44.52,87.36,95.17,53.39,14.7,6.05,38.92,12.63,18.91,76.96,92.37,79.56,1.35,17.11,70.51,49.32,9.36,49.94,53.64,58.6,59.56,100,53.6,90.9,0,50.68,46.48,11.02,38.49,19.8,55.1,43.4,0,3.93,50.33,4.6,94.5,78,8.34,54.69,83.21,26.33,36.64,69.59,91.27,34.05,19.12,56.31,44.17,60.81,36.06,22.96,59.03,44.62,55.5,44.24,48.11,"Lower middle income",1640,0.546,88.11355311,64.925,"Mauritania",1743.302901,1701.991163,0.308819249,0.30348307
"84",480,"MUS","Mauritius","Sub-Saharan Africa",46.42,46.91,46.42,36.95,49.14,46.39,61.4,38.65,100,100,91.44,44.14,43.65,0,0,36.93,71.58,36.2,52.43,54.24,41.93,40.71,88.07,26.92,55.51,8.5,15.63,96.3,56.38,4.6,18.61,41.86,54.71,62.12,2.6,23.59,88.18,22.98,19.38,95.67,90.11,62.79,96.08,12.51,52.4,56.69,43.9,100,100,100,9.89,99.75,51.88,29.74,63.3,50.9,47.5,2.5,44.97,43.59,10.9,56.47,32.7,44.72,78.3,24.94,40.05,56.24,30.31,55.97,30.49,44.32,42.07,62.78,80.12,53.84,34.13,33.36,47.65,44.03,53.58,48.41,"Upper middle income",10230,0.804,60.21144279,74.991,"Mauritius",11097.16898,8627.843157,19.07881773,19.09852217
"85",484,"MEX","Mexico","Latin America and The Caribbean",50.54,52.49,57.35,41.94,52.33,23.78,50.8,65.52,69.76,84.01,81.9,71.27,66.38,6.46,44.3,57.02,70.04,53.14,5.86,79.61,0,43.27,50.3,44.99,50.61,31.01,99.34,87.98,62.08,7.3,69.88,56.35,54.46,74.55,33.48,33.07,1.13,55.99,98.99,74.33,82.11,29.27,44.28,57.06,39.3,48.93,29.8,68,46.9,48.5,17.89,99.02,57.22,38.26,39.5,65.5,77.2,31.6,43.16,45.9,21.2,67.7,57.1,43.85,70.4,49.08,32.26,43.3,42.2,93.66,34.69,63.81,49.5,50.4,48.43,58.04,42.17,48.67,47.99,62.4,49.4,53.26,"Upper middle income",8480,0.779,68.36970475,75.054,"Mexico",9950.45008,8329.271313,33.85881839,33.79309139
"86",498,"MDA","Moldova","Europe and Central Asia",45.1,44.78,67.17,35.55,51.96,49.64,30.41,55.27,100,100,60.76,14.21,25.4,85.17,58.78,84.82,85.51,44.54,58.54,65.95,71.42,50.85,71.65,28.63,50.94,23.55,82.95,92.31,52.36,6.77,35.19,64.89,13.8,41.64,77.49,95.91,99.87,8.84,11.49,10.54,87.89,39.89,54.51,0,67.4,60.46,39.8,100,100,100,12.11,81.62,34.86,46.09,46.8,52.2,100,9,16.35,48.73,14.5,80.6,40.2,51.08,69.29,53.68,47.15,64.97,34.37,87.63,29.57,38.88,50.69,49.94,80.05,42.87,38.63,45.1,54.77,55.2,51.08,53.68,"Upper middle income",4570,0.75,71.57333333,71.901,"Moldova",4491.688827,4547.059721,11.75297169,11.75297169
"87",496,"MNG","Mongolia","East Asia and Pacific",43.57,42.5,51.83,43.69,49.82,39.79,2.92,100,82.56,100,35,38.67,38.06,98.54,72.02,14.84,46.92,6,37.23,52.29,79.09,29.25,94.04,38.47,70.88,45.35,99.45,96.95,59.52,8.6,33.79,1.64,25.98,5.43,89.49,77.25,97.4,7.71,8.32,18.45,58.37,11.86,44.06,84.2,1.1,63.51,38.6,71.4,68,0,41.63,71.1,73.19,55.01,22.8,25.5,44.4,3.3,21.97,48.12,23.5,93.9,67.2,46.28,64.1,52.43,22.54,63.67,51.57,98.2,34.06,16.71,49.77,39.92,48.3,61.98,24.71,61.53,51.26,55.59,46.88,51.24,"Lower middle income",3670,0.737,69.52510176,69.87,"Mongolia",4404.84583,4060.950518,9.101842665,9.101129873
"88",499,"MNE","Montenegro","Europe and Central Asia",44.81,43.81,87.67,97.17,100,75.42,57.77,83.22,58.75,100,0,3.99,18.68,43.54,69.6,9.36,84.42,44.29,57.89,64,34.52,43.94,70.18,0.09,53.72,26.87,75.4,88.01,52.65,7.71,36.47,82.62,38.12,50.19,85.29,92.94,96.84,25.29,11.58,5.69,82.29,13.45,35.79,39.01,34.2,48.6,41.2,44.9,100,26.46,17.71,97.54,61.74,25.8,34.8,88.1,82.4,8.4,47.88,44.1,45.1,75.8,48.2,90.07,59.95,29.03,46.65,53.16,26.89,81.71,30.18,51.85,52.94,40.95,52.23,59,41.05,56.37,53.98,56.3,49.24,53.17,"Upper middle income",7900,0.829,64.13751508,76.884,"Montenegro",8910.650834,7677.152226,61.48698885,61.48698885
"89",504,"MAR","Morocco","Middle East and North Africa",46.8,47.23,43.97,28.54,41.38,41.11,27.25,100,100,99.98,84.25,35.48,52.36,49,48.04,46.54,58.34,39.4,67.1,67.9,40.09,26.38,74.16,48.09,64.97,56.37,88.62,91.47,43.36,22.9,34.65,22.29,45.74,36.37,20.11,97.29,75.1,5.03,9.93,11.01,67.67,51.66,25.78,37.38,69.9,81.73,35.8,70.3,100,47.3,32.33,79.64,39.11,42.78,44.6,97,64,5.4,19.28,48.84,45.8,80.7,51.1,38.75,82.3,46.28,41.21,52.13,56.48,90.04,33.13,34.76,36.41,50.48,67.03,50.36,39.01,59.2,53.42,52.41,52.75,52.86,"Lower middle income",2980,0.686,77.05539359,76.68,"Morocco",3235.00066,3058.691689,12.84358055,12.86688326
"90",508,"MOZ","Mozambique","Sub-Saharan Africa",38.72,37.83,18.75,6.91,8.2,0.08,5.71,0.09,1.64,27.37,97.02,70.62,74.04,53.83,65.03,24.24,21.8,0,34.31,21.07,86.31,18.09,60.24,93.1,90.37,86.34,78.71,93.8,59.38,12.5,59.73,21.75,25.44,55.59,2.27,12.85,18.04,1.06,90.73,98.39,81.65,0.36,58.43,100,86.6,56.35,22.5,45.2,39.3,100,18.35,26.89,58.08,77.17,7,74.9,33.3,0.2,0.02,54.35,49,91,56.9,8.48,26.37,57.55,14.03,46.43,89.94,86.26,35.94,40.63,37.22,65.41,52.67,34.44,27.51,65.63,37.74,53.12,49.32,46.72,"Low income",460,0.456,102.4561404,60.854,"Mozambique",506.6416391,448.5442807,47.00794781,46.72519647
"91",104,"MMR","Myanmar","East Asia and Pacific",42.08,41.68,21.32,13.95,21.72,43.3,7.59,58.77,48.01,54.96,94.37,54.42,51.6,32.15,12.33,78.02,48.83,24,53.85,50.34,67.02,7.54,70.18,75.25,83.91,74.97,92.52,86.33,58.77,12.6,35.97,60.56,47.52,32.17,25.16,14.45,4.58,11.36,72.94,93.33,64,3.1,45.8,84.53,70.6,40.88,23.4,55.1,41.2,32.2,36,65.73,79.96,48.74,12.3,51.8,49.6,0,4.82,51.57,16.7,67.9,54.8,25.08,52.74,45.7,31.67,48.77,78.04,89.43,35.69,44.06,36.97,53.61,38.55,60.56,23.89,46.47,45.67,54.6,45.16,48.47,"Lower middle income",1260,0.583,83.13893654,67.134,"Myanmar",1271.111575,1467.604281,44.16979427,43.72599151
"92",516,"NAM","Namibia","Sub-Saharan Africa",40.91,41.25,25.74,18.61,23.13,23.29,0.84,7.63,46.21,55.05,68.81,75.3,80.66,45.65,46.83,35.99,8.39,15.94,47.16,52.29,82.02,44.19,55.82,85.62,68.31,48.67,80.85,67.79,0,16.7,6.12,28.13,63,38.27,17.69,0.94,3.96,23.61,10.03,14.69,76.62,9.81,44.28,19.34,42.5,82.28,52.1,65.3,98.1,19.83,23.38,70.14,54.02,57.19,20.4,57.1,79.4,6.2,27.62,52.66,78.9,86.4,72.7,22.69,35.71,56.89,17.87,58.58,67.53,74.32,8.35,33.88,11.82,38.51,63.52,49.18,35.42,79.33,42.12,34.71,51.87,42.89,"Upper middle income",4520,0.646,66.39318885,63.708,"Namibia",5009.685904,4179.278066,8.150117213,8.06386571
"93",524,"NPL","Nepal","South Asia",39.72,38.84,26.58,17.56,31.66,21.56,12.54,92.57,78.88,49.42,82.86,74.56,66.79,74.7,0,38.74,60.27,18.81,49.75,24.98,68.16,13.12,70.18,88.72,89.48,100,87.41,84.9,71.21,19.28,4.86,10.39,0,38.88,14.79,5.53,1.32,9.24,4.06,3.72,0,5.6,0,95.58,85.5,74.54,65.8,73.4,100,99.98,100,80.64,67.42,40.67,14.1,39.2,49.5,0,1.88,51.55,27.5,97.5,47.6,24.34,63.26,50.96,32.21,44.11,92.73,86.15,45.25,13.53,6.44,37.34,82.74,82.68,20.77,57.53,49.57,42.65,55.89,49.36,"Lower middle income",1190,0.602,81.99335548,70.778,"Nepal",1194.956876,1155.142854,41.59072201,41.59072201
"94",528,"NLD","Netherlands","Europe and Central Asia",63.75,69.04,90.91,76.91,86.14,97.15,75.57,100,89.08,100,25.51,55.84,5.08,71.39,12.85,29.18,94.66,87.64,84.97,99.12,15.37,68.51,84.1,4.26,14.3,51.51,99.82,98.96,30.1,8.3,60.56,72.35,40.18,91.96,92.65,94.61,78.42,15.99,8.94,7.23,93.11,100,52.99,20.32,17,0,40.6,82.7,41.5,100,6.89,100,36.01,24.73,100,100,100,100,99.33,77.77,39,78,39.3,87.78,78.03,34.87,66.82,66.78,23.36,99.39,19.2,66.26,49.64,56.68,52.96,47.63,74.87,52.1,62.6,60.87,55.96,59.8,"High income",51070,0.944,63.34745763,82.283,"Netherlands",52476.27325,52396.03221,10.94653995,10.97416097
"95",554,"NZL","New Zealand","East Asia and Pacific",57.27,58.96,80.46,76.91,81.84,54.95,69.03,92.57,93.37,100,99.26,57.74,16.84,66.15,24.84,31.57,79.02,72.51,72.85,100,15.5,88.32,86.08,13.99,0,60.75,83.01,90.39,49.7,7.3,73.27,44.13,22.88,85.43,10.15,16.79,7.95,1.63,5.48,93,100,79.89,73.01,50.4,5.5,61.56,24.9,60,56.6,83.7,0,99.95,96.69,0,97.6,100,74.7,79.9,87.93,50.32,56.5,81.2,57.2,73.54,90.85,39.43,56.1,72.48,24.91,86.7,28.5,56.43,22.5,61.76,57.35,65.55,62.88,64.97,62.64,50.33,61.88,58.28,"High income",42870,0.931,62.59935553,82.288,"New Zealand",42755.21626,41441.46667,37.46731989,37.57012647
"96",558,"NIC","Nicaragua","Latin America and The Caribbean",45.22,45.23,37.98,36.95,48.16,15.02,40.57,79.88,39.35,74.77,98.81,70.77,69.79,28.43,42.77,63.94,58.4,64,41.41,73.76,82.62,85.71,86.08,46.81,40.69,21.77,92.19,90.1,65.32,11.7,83.02,25.53,29.96,48.57,19.22,68.73,17.09,12.19,83.06,11.99,86.2,11.66,63,58.52,65.2,43.77,15.7,54.9,64.1,100,13.8,65.64,83.39,46.37,24.1,96.5,64,0,9.1,50.14,68.4,0,48.9,34.53,66.68,55.14,40.95,82.04,36.42,91.14,38.51,46.77,35.38,56.92,55.69,54.28,34.3,39.1,53.49,55.9,48.53,52.64,"Lower middle income",1850,0.66,79.75757576,74.485,"Nicaragua",1926.699694,1905.261152,29.14683397,28.31585508
"97",562,"NER","Niger","Sub-Saharan Africa",36.45,34.58,8.68,11.57,6.06,0,29.61,79.88,0.62,38.24,99.84,91.96,100,77.29,62.31,57.35,34.42,1.42,30.97,3.51,79.66,32.42,64.21,98.98,94.71,89.19,88.47,94.09,54.11,19.32,6.12,17.31,66.74,8.54,81,80.83,91.88,10.27,22.03,24.56,0,0,34.49,97.37,81.9,91.34,100,53.1,100,100,100,0.36,18.14,100,5.4,0,1.9,0,0,54.15,25.6,89.8,73.8,6.58,49.64,77.78,16.7,44.95,94.29,91.28,36.71,24.68,51.76,42.75,88.89,39.5,15.33,63.07,45.77,55.94,49.47,50.39,"Low income",540,0.394,127.893401,62.42,"Niger",554.0993893,567.6698923,0.862177311,0.852372306
"98",566,"NGA","Nigeria","Sub-Saharan Africa",41.28,42.28,0,0.16,0,8.74,13.91,40.33,1.8,31.38,99.37,100,93.65,79.78,83.64,71.59,47.74,1.72,41.27,13.27,74.56,12.4,16.5,92.99,74.44,60.87,65.56,87.32,65.73,15.5,18.36,17.31,8.89,24.83,5.28,23.06,9.51,10.22,82.91,0.46,19.16,3.5,23.82,46.82,80.9,72.15,20.6,38,59.4,91.37,80.84,54.85,43.68,61.79,11.7,73.6,59,0.2,8.41,50.09,32.3,83.9,50.4,2.23,37.36,85.73,22.68,29.18,76.1,76.44,40.61,17.35,21.91,34.84,56.3,59.79,30.67,55.53,39.42,43.11,46.78,43.1,"Lower middle income",2000,0.539,79.96289425,54.687,"Nigeria",2229.858652,2097.092473,23.92508537,23.74578653
"99",807,"MKD","North Macedonia","Europe and Central Asia",45.79,47.19,84.93,65.05,74.88,60.38,61.4,44.64,63.43,100,40.58,3.69,12.26,23.73,19.47,37.23,91.39,46.91,39.99,71.8,48.15,53.2,52.8,59.89,50.46,51.35,13.86,84.15,27.64,12.97,0.4,65.11,42.07,44.71,90.8,99.44,93.55,10.79,17.23,7.17,71.22,22.07,53.35,39.66,44.3,100,42,70.5,19.9,22.66,28.78,86.69,54.17,45.75,34.5,100,100,0.9,34.58,52.45,36.6,76.4,46.5,71.31,62.01,19.28,44.57,56.49,53.9,49.01,20.31,38.07,53.16,46.12,51.01,56.55,45.1,53.17,52.77,41.11,49.87,47.92,"Upper middle income",5720,0.774,61.9121447,75.797,"North Macedonia",6070.388054,5917.262575,39.71015067,39.71015067
"100",578,"NOR","Norway","Europe and Central Asia",61.99,65.25,100,95,99.78,88.26,82.22,92.94,88.8,100,76.66,60.21,16.41,82.02,17.17,29.35,99.87,64,89.51,100,15.54,78.95,96.02,11.96,0,39.31,94.99,87.7,62.3,11.9,44.18,55.81,67.24,93.53,87.75,71.52,93.29,5.22,26.79,1.03,99.39,89.94,63.87,0,13.3,50.39,30.5,56,38,100,0.61,100,97.52,28.52,100,100,98.4,64.3,100,19.25,47.7,92.7,71.3,95.76,88.12,41.03,63.34,72.63,17.09,91.34,37.1,65.19,47.6,53.3,54.98,66.04,70.17,70.57,66.94,62,61.76,63.56,"High income",78250,0.957,66.41588297,82.404,"Norway",75719.7529,67329.67779,33.33864227,33.36000582
"101",512,"OMN","Oman","Middle East and North Africa",47.09,47.09,67.17,56.09,58.19,64.82,67,87.31,100,100,63.36,68.42,94.47,59.04,97.56,60.17,76.17,33.08,100,65.95,14.51,30.53,84.54,35.26,57.73,22.72,76.08,88.84,61.66,25.7,6.12,76.81,14.09,9.87,95.6,99.4,87.1,89.98,3.64,99.82,57.13,66.6,25.13,32.51,2.7,63.8,48.2,100,34.1,100,42.87,84.84,26.12,22.24,70.8,100,19.9,13.4,71.77,56.06,3.5,99.4,77.2,61.56,83.53,75.93,52.31,48.88,38.57,82.46,43.68,26.72,79.26,36.81,69.22,51.28,42.59,60.03,61.68,62.38,50.89,58.31,"High income",15030,0.813,71.72201722,77.861,"Oman",17700.70349,14485.38612,0.008077544,0.008077544
"102",586,"PAK","Pakistan","South Asia",38.94,38.17,31.64,0,10.84,35.43,10.91,67.18,44.73,88.06,96.46,56.91,73.21,40.12,22.79,38.97,69.39,20.53,46.65,19.12,65.09,16.6,56.26,84.65,86.58,64.78,89.68,95.9,64.43,6.2,30.11,24.31,37.48,59.24,8.74,81.93,13.34,1.17,92.65,81.2,35.88,9,0.53,90.71,73.9,54.29,83.7,56.2,54.4,74.58,64.12,81.34,24.49,32.33,12.9,60.9,56.7,0.1,7.46,50.89,9.4,85.6,56.2,19.48,61.47,46.4,34.14,39.27,78.67,92.79,35.32,37.78,46.51,42,64.63,56.65,24.34,50.4,45.09,56.98,47.45,49.84,"Lower middle income",1280,0.557,89.47935368,67.273,"Pakistan",1288.556325,1188.859757,4.886934413,4.833307389
"103",598,"PNG","Papua New Guinea","East Asia and Pacific",36.77,34.21,31.01,14.61,21.66,27.25,2.77,46.07,8.1,18.46,98,65.62,56.14,24.94,7.5,77.43,70.57,23.45,42.13,9.37,95.55,27.51,0,92.99,100,98.67,93.78,79.21,84.11,3.1,12.24,11.91,21.21,0,5.06,10.7,15.54,21.05,75.09,80.94,92.79,2.18,100,57.87,79,71.59,34,38.4,55.67,17.15,7.21,0,100,33.34,4.8,75.2,41.1,0,2.56,49.54,13.3,94.6,78.3,23.64,34.68,46.33,34.04,33.11,97.22,86.5,43.61,11.34,34.73,66.37,43.36,35.74,22.43,62.07,42.02,49.36,46.48,45.95,"Lower middle income",2660,0.555,82.79279279,64.501,"Papua New Guinea",2820.306397,2757.21753,79.25029811,79.17625756
"104",600,"PRY","Paraguay","Latin America and The Caribbean",45.22,45.15,33.09,35.01,44,19.12,39.47,61.92,100,71.27,60.26,76.52,60.37,35.16,48.2,52.61,44.15,72.51,34.29,65.95,50.93,68,60.24,47.66,49.27,57.32,88.17,98.14,25.41,13.22,18.36,55.91,60.73,72.17,21.75,84.99,84.21,40.11,19.16,18.14,93.26,15.78,48.85,85.83,42.5,75.03,16.6,54.8,49.3,100,6.74,99.24,78.68,36.07,30.5,98.3,42.8,0.7,30.77,52.18,19.9,0,63.4,32.8,66.58,54.57,37.74,61.28,51.42,93.15,19.31,51.79,44.73,57.25,59.15,61.55,34.16,27.77,50.92,55.12,48.78,51.6,"Upper middle income",5140,0.728,70.87912088,74.254,"Paraguay",5380.963322,5001.07276,41.23231815,40.52922225
"105",604,"PER","Peru","Latin America and The Caribbean",47.63,47.33,39.9,50.57,54.28,25.41,23.9,70.52,44.01,98.92,59,98.01,44.26,63.59,63.45,79.49,67.8,54.97,26.65,81.56,43.27,68.1,82.11,53.44,37.69,41.44,96.8,84.22,79.15,25.1,85.23,25.42,17.89,67.51,17.18,11.62,5.88,5.72,91.3,82.71,77.33,23.58,62.35,60.15,59.4,76.45,35.6,55.5,43,15.67,22.67,86.13,93.26,35.44,40.4,69.1,12.9,46.4,27.09,51.16,56.7,74.7,58.1,42.54,59.27,69.76,37.35,68.76,44.19,90.51,52.12,49.02,35.73,56.56,45.24,67.35,33.05,63.17,54.22,59.54,53.11,55.62,"Upper middle income",6010,0.777,71.58301158,76.736,"Peru",7027.612207,6126.87454,56.643125,56.50810156
"106",608,"PHL","Philippines","East Asia and Pacific",48.66,50.05,34.23,29.19,34.88,25.25,0,64.36,60.13,54.97,84.44,52.44,68.6,32.68,26.52,88.41,72.11,70.1,36.32,50.34,48.39,23.46,44.33,67.01,84.8,58.98,93.25,85.9,76.1,8.5,29.59,41.75,51.72,76.1,19.27,7.68,6.84,5.11,69.76,91.78,85.64,10.4,85.2,89.08,74.1,45.88,28.1,100,95.63,38.01,14.36,88.21,61.5,31.19,19.7,84.8,51.9,0.7,15.93,49.15,23,42.6,48.5,30.89,52.78,53.73,44.63,41.63,70.26,89.57,42.3,49.79,33.41,68.88,61.52,54.69,29.18,38.03,47.64,56.34,51.53,51.83,"Lower middle income",3430,0.718,72.18662953,71.231,"Philippines",3485.340844,3298.829586,23.99201798,24.10903176
"107",616,"POL","Poland","Europe and Central Asia",52.05,53.46,100,75.8,83.6,70.88,57.77,70.37,89.53,100,51.26,24.05,2.57,52.4,28.58,30.8,79.55,46.91,80.51,77.66,15.28,45.12,88.51,9.82,38.8,51.39,80.77,95.25,51.46,2.6,71.67,70.08,76.71,93.08,11.75,81.33,66.47,10.3,2.18,10.38,82.17,28.1,44.06,37.06,20.6,58.42,23.9,65.8,45.7,55.88,17.83,99.94,46.25,30.49,49.7,100,79.3,60.9,52.45,80.95,48.3,92.5,48.9,82.57,73.79,27.68,51.74,56.64,33.34,88.01,27.03,77.88,30.4,42.4,49.94,54.68,53.26,63.23,57.05,56.17,51.58,54.93,"High income",15270,0.88,62.42045455,78.73,"Poland",15732.20313,15742.45373,30.93379495,30.97298886
"108",620,"PRT","Portugal","Europe and Central Asia",56.4,59.31,82.55,84.58,88.22,77.51,53.92,76.59,90.19,100,35,38.99,3.82,34.71,5.19,30.31,82.85,62.25,78.92,91.32,15.8,58.22,93.81,14.31,7.73,48.07,95.54,82.88,91.41,1.6,49.99,43.26,54.82,78.63,3.53,0.95,31.2,7.1,19.35,92.1,97.9,74.01,51.03,67.95,28.1,55.29,2,70.5,41.5,70.49,2.1,99.83,58.76,28.9,85.8,100,87,55,75.53,41.8,42,72.8,38.6,83.21,71.14,22.6,56.01,64.79,23.37,89.21,46.51,56.67,25.7,63.8,47.96,53.56,61.75,51.13,56.56,56.45,55.43,56.14,"High income",22000,0.864,64.97685185,82.049,"Portugal",23330.81729,22194.56611,36.15499489,36.15499489
"109",634,"QAT","Qatar","Middle East and North Africa",47.62,48.03,80.46,69.06,73.19,72.39,43.94,93.67,88.88,100,49.02,100,100,67.3,100,53.72,85.46,60.62,71.89,64,15.66,21.87,66.2,24.89,62.86,48.43,83.54,85.54,67.5,5.6,36.45,57.79,10.53,19.59,91.28,77.25,95.43,11.94,2.95,29.94,0,100,0,0,0,21.36,22.6,77.33,0,100,100,99.19,0,26.03,100,93.2,35.6,70,61.53,12.21,3.1,76.5,76.4,73.77,75.1,84.2,54.49,41.93,45.39,84.54,36.55,31.09,51.47,20,44.26,66.4,55.19,52,63.84,54.79,45.93,54.85,"High income",56210,0.848,64.68160377,80.227,"Qatar",62276.42869,50124.38594,0,0
"110",642,"ROU","Romania","Europe and Central Asia",49.34,50.7,67.17,69.06,71.21,37.44,33.56,87.31,91.49,100,48.19,3.5,6.46,78.17,24.22,35.96,77,15.54,69.11,75.71,14.15,54.64,76.14,21.04,44.7,61.7,75.64,92.58,39.2,4.97,61.63,61.86,27.22,40.66,2.8,86.04,95.08,17.89,6.42,35.33,89.92,29.16,65.83,13.17,45.2,47.44,38.4,60.5,66.6,93.81,10.08,100,51.81,46.14,44.7,100,100,30.4,51.43,49.73,34.7,84.9,44.2,61.22,72.11,29.66,40.41,55.16,42.48,84.11,22.08,47.84,40.6,48.66,61.35,53.96,53.24,54.6,52.03,51.15,53.64,52.27,"Upper middle income",12570,0.828,63.12801932,76.054,"Romania",12899.34611,12915.24305,30.11582928,30.11582928
"111",643,"RUS","Russia","Europe and Central Asia",53.58,55.73,69.14,76.91,76.23,54.08,38.1,54.07,100,100,64.46,6.88,15.87,77.62,48.76,3.07,72.22,0,31.48,75.71,24.27,39.64,96.02,37.33,45.93,52.46,94.05,96.97,45.38,3.8,65.04,65.65,39.9,75.86,16.44,0.1,94.08,13.53,6.44,1.31,88,54.51,59.52,65.67,9.2,64.41,26.3,55.1,43,49.77,12,94.21,85.98,61.04,63.7,75.7,86.3,18.5,50.92,45.82,22.5,89.5,79.4,69.09,71.33,30.44,25.93,58.91,45.24,95.51,24.59,61.61,21.98,55.38,47.72,64.06,50.88,63.8,52.69,52.94,55.86,53.82,"Upper middle income",10690,0.824,65.31553398,72.584,"Russian Federation",11497.64925,10126.72179,49.78433608,49.78433608
"112",646,"RWA","Rwanda","Sub-Saharan Africa",42.42,42.41,21.47,23.97,28.79,34.76,35.96,43.39,0,59.28,95.27,92.46,70.55,69.28,62.53,55.36,23.39,17.62,29.43,42.54,89.76,35.13,84.1,88.5,79.79,88.6,85.85,79.67,53.74,12.55,100,11.69,0,19.19,19.23,89.1,4.77,1.21,84.66,22.14,54.53,0,35.14,63.07,100,94.21,26.3,36.7,57.9,100,45.47,25.97,38.75,70.31,11.8,52.8,48.2,0,0.17,54.1,29.5,94,47.3,27.25,46.78,70.04,17.61,62.88,85.63,82.76,33.14,32.72,36.85,50.55,63.02,36.73,26.18,56.93,50.37,49.85,46.52,48.91,"Low income",780,0.543,90.07366483,69.024,"Rwanda",820.1492886,797.8555207,11.14714228,11.18767734
"113",682,"SAU","Saudi Arabia","Middle East and North Africa",45.9,45.61,69.14,66.59,72.78,80.25,64.53,73.42,91.67,100,90.31,63.86,99.99,62.5,73.49,52.95,5.23,36.5,67.44,75.71,15.59,45.27,92.05,37.29,65.2,10.99,69.61,92.06,60.24,12.3,18.36,56.46,39.04,28.28,88.01,8.37,90.46,94.08,4.23,34.95,0,69.83,11.63,43.89,0,73.08,100,38.5,100,83.53,100,100,7.76,41.63,76.2,32.2,37.1,11.8,80.28,63.61,6,97.5,74.2,72.19,83.99,70.56,27.29,57.15,37.83,80.83,36.27,35.53,53.35,25.07,79.02,69.25,39.89,59.23,61.08,54.8,53.11,56.33,"High income",21930,0.854,65.96018735,75.133,"Saudi Arabia",23139.79798,20110.31619,0.454484135,0.454484135
"114",686,"SEN","Senegal","Sub-Saharan Africa",40.52,39.28,17.21,14.48,21.37,19.56,24.18,72.45,18.86,44.56,97.29,93.48,81.5,66.51,71.7,52.78,40.01,15.01,52.61,19.12,81.86,11.48,84.1,92.89,85.35,58.62,85.62,86.6,61.9,9.9,44.76,22.29,34.81,0,83.59,77.17,88.13,4.54,98.95,1.04,57.64,3.35,46.02,49.25,82.4,41.2,22.7,46.4,61.1,99.26,42.36,69.45,48.47,60.09,12.3,52.9,46.2,0.5,3.07,50.67,38.9,97,53.1,18.15,51.47,73.19,26.91,49.14,78.95,86.11,35.9,25.46,58.9,47.73,54.13,53.43,25.01,63,47.9,56.1,48.42,50.8,"Lower middle income",1430,0.512,99.21875,67.941,"Senegal",1430.148259,1471.830962,42.11374851,41.90598868
"115",688,"SRB","Serbia","Europe and Central Asia",47.73,48.52,75.34,70.84,78.63,62.28,58.9,100,70.77,100,0.06,7.62,1.91,30.13,15.4,30.61,84.9,64.92,70,58.15,71.58,53.41,76.14,11.32,62.19,53.76,70.51,80.87,65.06,12.1,63.83,27.59,45.63,72.45,97.67,96.21,85.27,24.32,4.37,21.27,77.4,20.49,60.82,25.36,23.1,63.56,44.5,58.8,56.6,49.96,22.6,90.49,44.11,43.17,38.7,78.8,99.2,1.7,41.59,48.68,31.4,86.7,42.8,71.77,65.95,17.13,54.95,64.82,42.42,75.69,38.58,52.37,54.85,41.44,54.68,52.4,43.31,53.63,54.66,57.05,48.38,53.36,"Upper middle income",7400,0.806,66.20347395,76.001,"Serbia",7417.203649,7730.691746,31.12531443,31.13023096
"116",690,"SYC","Seychelles","Sub-Saharan Africa",41.01,39.65,48.92,41.94,52.33,22.95,56.72,64.98,92.93,100,0,50.99,24.58,31.18,43.81,42.4,74.29,47.38,66.49,69.85,14.68,41.79,96.02,51.19,50.61,34.92,5.81,93.03,65.48,8.9,52.06,60.02,38.83,45.28,28.67,4.43,0.68,24.41,98.72,66.27,83.03,74.01,69.96,0,43.5,16.43,83.5,100,43.67,100,16.97,94.12,57.94,15.3,72.3,96.1,76.5,1.6,52.81,58.3,7.5,89.77,23.6,41.53,62.93,38.59,47.04,55.59,45.57,49.42,37.19,49.05,37.2,54.1,68.72,56.34,44.94,40.29,48.97,43.15,52.91,48.34,"High income",12720,0.796,60.72864322,73.402,"Seychelles",16213.48076,10764.42042,73.26086957,73.26086957
"117",694,"SLE","Sierra Leone","Sub-Saharan Africa",35.51,33.21,0,4.26,0,7.73,9.02,36.24,0.86,9.35,99.51,79.86,87.25,66.07,61.79,49.1,13.35,5.73,33.17,7.41,89.06,26.79,84.1,97.16,96.49,65.14,88.01,87.76,57.81,31.1,12.24,31.37,4.47,62.12,98.85,97.02,12.89,2.91,93.32,16.02,81.24,0.2,46.46,40.48,99.3,44.61,3.8,63.6,58.7,0,18.76,30.09,81.63,66.21,7,49.3,30.9,0,0.09,54.28,14.8,77.9,48.8,3,31,68.81,13.06,51.84,86.26,87.88,44.45,27.55,53.5,53.53,34.14,43.49,21.93,47.17,39.63,57.72,40.53,45.96,"Low income",490,0.452,101.6814159,54.696,"Sierra Leone",521.7548367,509.376594,35.39221391,35.11886949
"118",702,"SGP","Singapore","East Asia and Pacific",56.22,57.04,82.55,100,98.69,98.04,41.35,92.57,88.78,99.72,80.25,72.24,35.74,100,83.56,31.08,99.95,100,100,99.12,15.59,67.9,79.46,21.15,21.43,31.37,81.48,88.45,100,5.77,78.95,37.75,100,70.66,15.16,93.17,93.16,12.77,77.64,12.19,84.39,84.06,41.45,0,11.9,27.77,18.4,78.88,53,100,15.61,100,12.76,100,100,100,59,100,91.43,6.62,5,86.8,45.1,94.82,80.53,64.52,74.99,65.52,24.65,84.97,52.88,71.84,50.68,44.36,55.61,42.79,78.63,45.63,70.3,65.82,52.06,62.72,"High income",54920,0.938,66.86567164,83.62,"Singapore",65640.70795,59797.75218,22.21438646,21.96050776
"119",703,"SVK","Slovakia","Europe and Central Asia",53.58,54.78,90.91,73.71,76.23,44.98,77.27,71.61,91.39,100,46.52,40.42,3.83,69.98,51.83,28.45,88.81,46.91,71.54,81.56,15.37,54.43,96.02,7.57,39.69,30.18,99.65,93.37,65.84,5.54,52.64,68.67,60.23,76.23,83.06,85.73,86.11,19.4,5.31,5.29,86.27,63.95,39.93,36.19,30.5,51.92,26.3,68.1,100,99.8,13.73,99.6,52.7,35.01,75.2,100,100,43.7,57.64,67.83,46.2,86.4,47.3,71.46,77.36,38.9,51.82,61.85,25.82,96.51,35.69,64.44,47.48,51.37,69.22,55.35,58.79,59.97,57.18,63.14,58.03,59.44,"High income",18700,0.86,69.11627907,77.542,"Slovak Republic",19303.54566,19266.51357,40.05615641,40.05615641
"120",705,"SVN","Slovenia","Europe and Central Asia",54.25,55.23,84.93,99.51,100,97.8,74.34,78.78,87.13,100,3.55,31.3,0,66.91,33.71,11.36,91.67,71.28,88.96,85.46,15.84,60.32,92.05,0,18.08,55.66,82.41,88.62,75.32,5.32,60.83,72.67,75.04,90.49,93.67,85.11,99.56,14.54,8.34,6.93,88.17,32.76,26.43,25.52,28.2,88.96,31.9,68.8,100,100,11.83,99.07,70.42,24.96,60.6,100,80,89.1,68.5,100,55.8,84,51,95.56,68.76,28.66,62.98,63.42,24.58,85.51,40.32,74.76,51.36,40.22,77.93,60.44,60.45,63.6,60.46,63.58,59.05,61.03,"High income",25340,0.917,66.55398037,81.324,"Slovenia",25942.95477,25489.50023,61.57307165,61.47225919
"121",710,"ZAF","South Africa","Sub-Saharan Africa",48.42,50.8,34.53,33.44,28.64,19.91,0,3.06,62.04,67.08,69.71,70.54,50.4,22.57,40.56,5.34,43.62,18.66,1.3,65.95,64.28,57.97,70.18,80.27,59.63,49.26,64.99,94.42,63.06,7.8,64.56,71.05,72.23,86.39,8.35,6.29,4.39,24.01,82.64,96.52,76.94,29.95,51.46,83.39,22,91.52,17.1,58.3,45.8,2.84,23.06,87.86,38.64,43.19,36.2,68.6,70.7,21.7,30.89,51.16,24.4,95.1,58.7,29.13,40.38,37.88,15.89,64.59,63.05,79.7,35.43,73.56,37.03,52.75,43.11,49.85,38.75,59.4,41.54,56.58,48.5,48.87,"Upper middle income",5410,0.709,68.9280677,64.131,"South Africa",6624.761865,5655.867654,14.08509674,14.05509072
"122",410,"KOR","South Korea","East Asia and Pacific",55.14,57.66,76.89,92.99,92.1,100,35.4,85.87,74.23,100,62.66,77.93,25.13,69.34,39.04,60.66,81.76,83.1,76.1,99.12,15.5,61.55,96.02,19.98,23.76,70.7,86.32,94.88,40.13,23,7.1,51.16,83.69,96.72,99.01,80.05,3.15,5.55,7.49,1.56,77.02,89.94,12.29,52.67,15.9,44.09,32.8,11.3,42.1,67.82,22.98,99.89,44.8,20.04,100,100,100,76.8,71.81,98.48,16,78.6,54.2,90.49,71.63,54.42,60.24,68.05,38.15,90.6,31.57,59.66,32.8,49.56,39.62,55.89,66.95,49.6,66.27,55.58,51.53,57.79,"High income",32860,0.916,63.08951965,83.033,"Korea, Rep.",31902.4169,31597.50465,64.57136998,64.46882691
"123",724,"ESP","Spain","Europe and Central Asia",59.92,64.06,94.88,87.66,92.95,78.81,65.55,79.88,86.11,100,34.92,48.79,12.06,62.96,0.17,44.03,94.86,56.94,83.79,93.27,15.85,67.39,98.01,1.05,3.61,27.22,88.11,98.48,65.76,7.3,75.12,62.29,64.53,67.62,23.97,10.56,6.23,2.7,1.78,12.44,96,66.6,34.05,73.32,35.5,63.65,21.9,56.9,35.5,83.81,4,99.86,53.09,32.18,81.3,100,100,91.5,87.15,56.15,46.7,90.1,40.8,88.57,73.29,33.6,58.9,68.63,10.63,93.29,36.53,67.39,9.61,61.09,52.35,52.32,70.3,59.2,59.24,52.95,58.3,56.82,"High income",27360,0.904,62.8539823,83.565,"Spain",29554.49052,27056.42175,37.16523359,37.1738204
"124",144,"LKA","Sri Lanka","South Asia",44.1,43.19,55.8,62.2,70.83,51.49,34.06,80.66,100,99.49,84.52,65.72,54.02,15.7,3.57,23.46,50.7,51.99,56.22,60.1,50.12,32.11,94.04,48.31,43.92,36.94,97.83,96.85,60.2,12,33.15,46.72,16.4,52.27,8.83,17.42,7.32,87.19,96.21,24.7,94.27,6.86,49.72,74.29,80.2,49.17,34.1,40.7,100,100,5.73,85.45,53.5,34.05,27.3,64.5,41.8,0,27.08,48.6,41.6,72.8,46.1,60.08,79.75,32.49,39.73,59.09,43.06,97.34,36.1,37.13,40.28,61.07,64.79,48.23,27.82,53.5,54.41,56.89,51.44,54.24,"Lower middle income",3720,0.782,69.36061381,76.978,"Sri Lanka",3852.265603,3680.673477,34.20697013,34.15589034
"125",729,"SDN","Sudan","Sub-Saharan Africa",37.77,37.29,18.38,8.28,14.59,24.2,33.31,74.61,17.97,71.24,99.43,63.06,86.99,88.59,66.65,68.27,30.92,17.62,33.81,17.17,70.56,24.54,82.11,73.11,77.56,54.95,92.15,79.38,54.77,6.4,86.87,37.6,6.79,4.72,11.01,38.47,6.68,7.95,21.02,32.42,39.49,12.65,36.01,95.75,67.7,91.29,61.8,45,39.3,95.46,60.51,25.97,11.64,73.61,19.7,65.4,64.3,0,7.32,53.78,9.1,95.1,66.8,16.36,59.31,74.71,20.59,48.59,68.54,85.76,30.59,33.99,19.59,50.32,66.57,32.71,32.9,57,47,45.89,47.52,46.8,"Low income",650,0.51,91.76470588,65.311,"Sudan",610.9278615,486.4188163,10.02129144,9.928193419
"126",752,"SWE","Sweden","Europe and Central Asia",65.01,69.67,94.88,95,97.64,87.74,74.04,95.87,88.44,100,30.3,42.11,12.95,58.75,20.44,21.57,97.01,73.81,72.52,99.12,15.4,84.89,96.02,11.53,0,32.43,90.45,86.63,52.27,5.9,50.8,70.4,82.3,100,98.03,97.05,85.54,2.6,1.55,14.48,100,89.94,61.26,17.07,37,61.04,19.8,44.4,47.1,48.99,0,99.68,78.66,38.62,100,100,100,100,92.35,74.8,33.2,69.8,71.6,93.82,77.73,31.17,60.84,73.86,14.65,88.54,29.08,75.88,49.87,61.05,44.27,59.44,75.85,58.2,62.5,61.58,58.98,61.01,"High income",53800,0.945,64.56084656,82.797,"Sweden",51939.42974,52274.40879,68.69460607,68.69460607
"127",756,"CHE","Switzerland","Europe and Central Asia",62.18,65.43,90.91,74.74,86.14,100,74.34,92.57,88.88,100,38.26,49.49,15.19,72.05,28.94,22.04,99.5,78.16,84.96,93.27,15.58,45.94,94.04,1.05,0,59.69,82.69,93.49,48.29,10.84,40.83,65.86,51.61,94.27,81.41,84.94,89.52,16.15,25.55,22.39,95.25,100,33.18,31.7,41.5,100,46.1,65.6,31.6,100,4.75,100,62.13,29.69,100,100,100,96.7,100,47.64,69.6,85.8,52.9,87.95,78.81,37.54,65.65,62.2,20.25,88.09,29.57,63.14,53.33,60.33,68.66,55.63,75.2,69.43,61.85,60.25,64.64,62.24,"High income",82620,0.955,65.17277487,83.779,"Switzerland",85334.51946,87100.41482,32.02928027,32.11633355
"128",762,"TJK","Tajikistan","Europe and Central Asia",40.86,39.58,69.14,25.67,29.18,24.08,29.81,60.81,100,65.23,98.87,49.53,87.53,67.1,63.29,64.51,61.95,53.74,35.11,64,71,21.11,96.02,69.47,78,54.83,86.05,80.77,54.85,11.69,13.42,100,44.24,48.44,97.6,88.08,89.64,4.35,10.11,3.96,50.89,17.74,23.39,13.33,86.5,88.04,100,52,100,5.14,49.11,66.02,67.37,63.42,20.5,28.3,31.4,2.2,3.03,53.55,27.1,93.3,58,37.02,70.94,66.39,37.7,63.03,67.43,83.41,33.27,51.53,48.96,38.37,69.04,60.83,21.27,59.47,56.9,56.51,49.36,54.25,"Lower middle income",1060,0.668,81.21257485,71.097,"Tajikistan",890.5444024,859.1379611,3.046328986,3.053534116
"129",834,"TZA","Tanzania","Sub-Saharan Africa",40.55,40.14,8.16,16.83,18.57,5.87,12.61,21.42,11.34,52.14,93.16,100,83.17,82.13,93.22,41.91,18.72,14.9,45.41,15.22,80.09,38,45.46,88.82,81.46,84.8,96.9,86.73,54.65,13.9,21.94,11.91,1.02,16.11,25.09,9.31,36.91,17.61,85.26,88.9,72.02,0.09,55.82,50.23,81.6,89.61,25.7,47,56.9,100,27.98,26.01,47.36,64.91,10.6,58.3,21.9,1.4,2.04,52.23,67.3,83.7,53.9,12.36,38.14,80.08,19.76,44.69,85.03,91.82,34.28,12.74,43.85,51.95,63.84,33.78,22.74,68.3,44.24,51.37,47.8,47.8,"Lower middle income",1080,0.529,90.35916824,65.456,"Tanzania",1085.88486,1076.469706,52.17204787,51.64258298
"130",764,"THA","Thailand","East Asia and Pacific",54.15,57.49,55.31,56.09,64.5,31.02,20.11,74.61,68.29,99.81,83.31,66.57,26.16,33.47,38.96,39.36,15.67,72.51,59.96,87.41,38.01,66.62,74.16,56.54,40.36,64.9,76.82,97.55,58.26,3.3,39.75,49.54,59.05,87.7,13.41,7.37,25.56,26.12,89.5,87.67,75.51,22.29,39.28,72.98,37.7,44.32,23.3,38.7,28.3,98.32,24.49,99.93,57.09,32.99,40.1,100,57.4,2,40.62,45.74,21.8,69.9,48.2,51.73,69.23,40.9,37.04,66.55,53.93,87.18,30.78,59.01,41.6,49.55,46.59,60.5,39.02,46.63,54.32,56.48,48.43,53.07,"Upper middle income",7050,0.777,68.3011583,77.15,"Thailand",7817.009671,7186.874092,38.96924974,38.89878447
"131",626,"TLS","Timor-Leste","East Asia and Pacific",38.85,37.31,31.39,17.85,22.02,40.58,0.44,63.1,100,0,90.77,69.43,87.34,66.53,41.97,69.66,72.5,55.61,51.15,32.78,96.93,17.11,74.16,73.64,80.34,61.82,2.3,87.17,100,18.6,6.12,11.91,4.47,15.73,17.15,94.51,85.74,9.19,7.15,5.57,84.17,2.79,63.22,0,67.2,66.47,40.7,100,100,100,15.83,54.39,66.35,48.84,11.5,88.3,41.1,0.3,2.01,51.3,23.8,99.4,47.6,27.96,50.86,66.99,44.82,55.24,71.93,44.73,59.3,9.56,36.55,43.48,81.43,45.52,27.43,56.93,51.39,40.08,50.48,47.31,"Lower middle income",1830,0.606,78.06930693,69.495,"Timor-Leste",1583.713576,1442.730738,62.03765972,61.94351042
"132",768,"TGO","Togo","Sub-Saharan Africa",36.7,35.04,13.14,10.98,10.96,12.95,43.03,38.02,4.64,45.33,98.07,81.5,87.32,66.41,62.83,39.48,25.63,15.41,40.92,15.22,75.03,11.48,66.2,92.56,87.14,73.19,76.82,82.57,50.91,18.64,6.12,1.09,12.31,62.03,90.12,84.41,22.13,23.49,29.93,30.84,63.79,1.12,25.56,0,91.4,72.82,23.5,40.2,100,87.86,36.21,40.9,46.99,79.3,10.7,30.4,69.3,0,1.82,52.87,34.9,92.4,47,12.01,45.82,67.51,20.49,41.98,84.3,79.7,34.78,20.39,46.82,36.37,64.88,41.37,27.36,58.1,43.2,49.74,44.88,45.94,"Low income",920,0.515,89.2038835,61.042,"Togo",893.3524541,914.9507925,22.28773672,22.23331495
"133",780,"TTO","Trinidad and Tobago","Latin America and The Caribbean",41.01,39.77,44.75,33.44,46.75,42.68,54.8,77.06,95.49,99.97,75.32,58.76,31.92,1.25,74.93,39.96,79.69,85.44,67.61,75.71,14.57,45.73,80.71,43.28,57.51,0,9.22,92.02,61.07,9.8,81.95,100,21.49,38.27,72.31,9.86,7.99,12.79,14.24,14.04,78.17,89.94,81.06,0,0,45.76,36.4,31.5,30.3,100,21.83,97.9,55.05,20.26,89.6,100,55.7,3.2,71.63,68.09,92.2,90.13,52.6,41.9,80.53,41.36,58.18,54.18,33.6,50.62,35.44,60.43,21.87,49.84,48.79,58.26,48.63,78.31,52.62,41.07,55.7,49.79,"High income",15410,0.796,62.55025126,73.507,"Trinidad and Tobago",16637.16294,15425.63511,44.56335283,44.48148148
"134",788,"TUN","Tunisia","Middle East and North Africa",45.07,44.21,52.64,32.44,47.68,76.7,43.94,83.22,69.29,99.94,62.94,42.99,54.85,61.07,57.3,73.85,59.66,40.81,49.89,67.9,37.09,59.45,86.08,35.8,55.28,19.16,89.82,80.56,60.45,24.6,40.98,22.72,55.71,59.53,9.25,86.69,83.26,7.23,38.17,15.27,61.41,84.06,23.39,0,61,50.66,16,61.8,100,96.17,38.59,94.45,28.74,50.32,81.1,91,77.3,43,27.8,48.91,4.1,90.9,58.4,52.37,71.87,58.01,37.59,62.63,36.75,85.19,42.53,44.73,39.98,45.97,64.93,53.93,52.93,51.13,54.84,55.84,53.03,54.57,"Lower middle income",3100,0.74,73.74324324,76.699,"Tunisia",3574.654024,3521.591948,4.51338826,4.523236354
"135",792,"TUR","Turkey","Europe and Central Asia",49.62,50.59,69.14,56.09,61.69,46.68,56.72,69.37,100,100,41.94,61.45,32.52,50.49,39.41,84.59,87.11,51.99,54.85,75.71,52.94,37.28,98.01,28.63,51.27,59.69,79.48,79.62,62.1,2.4,64.6,54.29,72.12,48.25,4.52,98.13,5.5,10.76,85.12,14.04,53.17,71.77,30.79,50.72,38.5,69.86,35.6,53.6,47.5,72.88,46.83,94.15,55.16,37.35,76.2,82.8,85.2,30.4,45.57,39.85,10.9,87,44.3,58.4,73.61,53.69,48.49,65.99,46.53,79.55,32.25,59.81,36.35,48.99,55.89,65.38,51.07,47.4,59.07,53.18,53.37,55.2,"Upper middle income",9050,0.82,67.31707317,77.691,"Turkey",9121.515167,8536.43332,28.6687889,28.8714837
"136",795,"TKM","Turkmenistan","Europe and Central Asia",40.82,39.16,84.93,12.43,23.39,47.23,39.83,74.76,100,100,100,45.41,63.99,75.09,100,54.8,68.11,43.48,35.09,67.9,41.58,34.26,98.01,36.76,62.63,48.07,62.04,90.97,73.18,18.1,33.4,28.67,32.14,67.07,84.22,93.35,95.05,7.54,7.18,20.84,81.07,100,36.01,55.05,0,69.51,98.1,58,100,42.33,18.93,99.61,23.44,36.24,83.2,53.8,35.8,9.8,27.99,50.15,2.7,96.4,67.1,41.99,82.92,67.86,36.67,60.44,49.16,76.51,45.64,40.32,51.36,54.43,73.59,47.33,35.26,55.4,57.53,56.05,53.03,55.53,"Upper middle income",7220,0.715,77.66433566,68.191,"Turkmenistan",7612.03518,NA,8.782159045,8.782159045
"137",800,"UGA","Uganda","Sub-Saharan Africa",41.75,42.08,14.11,17.26,21.08,6.37,15.39,22.45,3.16,42.95,98.31,100,80.28,81.3,81.98,62.08,23.56,18.51,26.45,19.12,83.9,15.99,80.12,90.43,79.23,86.34,71.12,78.22,53.74,15.75,36.56,33.53,21.06,36.91,86.15,26.4,75.3,15.34,94.11,8.99,45.52,0.11,43.85,73.96,93.3,89.53,20.1,59.2,66.6,99.91,54.48,14.47,41.07,87.3,11.3,46,42.9,0.4,1.28,54.1,37.3,86.8,53.8,14.71,36.45,81.13,17.13,49.78,85.33,74.67,34.74,32.02,51.05,51.35,67.07,36.67,27.03,59.3,45.14,51.25,48.06,48.14,"Low income",800,0.544,88.49264706,63.368,"Uganda",798.5857341,822.0276815,11.86490126,11.65918612
"138",804,"UKR","Ukraine","Europe and Central Asia",43.89,43.15,67.17,57.79,66.34,49.22,31.03,51.67,59.71,100,59.52,0,15.26,100,54.49,8.25,77.26,8.09,44.41,64,58.51,35.08,64.21,18.69,60.85,36.23,92.5,91.58,54.1,11.8,74.12,62.08,27.33,82.82,2.36,87.48,93.39,18.62,1.44,13.12,82.87,46.85,52.33,40.8,42.5,57.84,25.2,62.7,86.9,77.45,17.13,88.54,44.45,44.72,51.1,64.9,88.4,14.1,33.98,49.43,17.5,84.2,43,60.13,60.39,35.6,32.44,55.45,38.59,92.04,32.95,61.59,36.07,53.07,62.02,50.04,42.46,48.23,48.93,57.57,51.01,52.5,"Lower middle income",3540,0.779,67.39409499,72.065,"Ukraine",3661.456204,3724.938437,16.71384191,16.72419745
"139",784,"ARE","United Arab Emirates","Middle East and North Africa",49.09,48.09,100,64.31,69.37,87.45,100,94.32,100,100,54.01,98.07,100,69.68,71.46,50.38,80.87,56.27,67.66,79.61,15.54,26.79,82.11,45.74,71.1,41.8,96.99,85.24,54.33,13.5,30.6,60.2,56.81,4.56,90.85,74.57,68.95,11.56,30.38,3.88,57.37,100,15.77,0,0,36.27,25.2,100,100,100,42.63,99.94,0,10.05,100,100,66.7,76.8,68.41,67.1,8.9,81.3,76.8,80.28,89.66,77.92,51.2,51.01,52.88,91.11,33.92,38.04,46.7,34.63,72.29,47.52,60.28,55.67,69.14,56.2,52.53,59.28,"High income",39410,0.89,66.60674157,77.972,"United Arab Emirates",42701.44305,36284.55524,4.467755562,4.467755562
"140",826,"GBR","United Kingdom","Europe and Central Asia",61.8,65.56,84.93,74.74,84.21,65.74,67.99,89.69,88.86,100,19.05,55.29,10.14,88.96,11.83,37.5,96.82,76.72,76.22,100,15.51,87.96,88.07,7.36,13.18,43.34,96.54,93.91,52.65,13.1,51.35,60.35,84.58,98.94,89.01,23,87.89,12.82,5.51,8.01,95.04,100,68.66,26.5,35.1,38.31,24,72.8,60.6,100,4.96,100,52,25.87,100,100,100,98.5,100,69.47,50.7,92.1,44.7,77.41,73.12,40.75,62.44,72.89,21.29,95.22,32.88,73.81,37.71,65.06,59.14,52.32,74.91,62.5,60.64,61.11,61.96,61.23,"High income",39830,0.932,65.69742489,81.321,"United Kingdom",43070.49836,41059.16881,13.15256479,13.18563221
"141",840,"USA","United States of America","North America",62.41,67.04,67.17,66.59,73.19,55.98,83.74,93.77,88.99,100,15.56,46.69,21.78,53.24,5.75,18.42,70.35,48.33,41.7,95.22,15.73,100,88.07,13.77,9.84,33.62,98.19,91.18,53.75,8.9,87.88,72.35,96.9,100,9.53,25.49,17.68,69.99,10.86,79.45,98.83,89.94,43.85,43.08,4.5,58.44,23.2,59.3,59,89.24,1.17,99.62,69.88,35.07,98,100,100,58.9,96.43,6.54,15.8,83.9,58.2,65.73,76.41,29.18,40.1,74.76,19.08,94.68,31.33,89.28,35.5,56.04,57.84,56.89,69.77,52.63,54.06,62.67,57.87,58.19,"High income",64140,0.926,62.84017279,78.862,"United States",65279.52903,63206.52108,33.86692641,33.86692641
"142",858,"URY","Uruguay","Latin America and The Caribbean",49.03,49.8,69.14,62.89,70.83,24.13,43.94,63.66,93.15,100,30.44,45.39,8.35,49.99,2.59,8.89,64.44,49.84,23.69,87.41,14.93,93.19,86.08,34.84,19.64,57.55,88.42,90.67,59,7.1,19.81,40.56,56.95,76.87,6.03,85.37,2.18,13.76,10.67,13.23,96.52,53.89,68.22,37.38,21,54.47,16.7,81.6,38,99.94,3.48,99.04,84.6,28.08,64.6,54.7,18.1,2.1,47.19,74.3,6.6,72.2,52,56.75,66.24,23.04,34.49,70.4,37.34,89.55,33.05,48.55,21.87,55.41,58.14,62.37,30.68,43.6,50.11,50.83,50.48,50.47,"High income",15830,0.817,61.7747858,77.911,"Uruguay",17688.01501,15438.41167,11.48440178,11.60438807
"143",860,"UZB","Uzbekistan","Europe and Central Asia",40.78,38.94,59.64,37.82,46.91,46.6,33.31,65.72,100,98.74,96.6,42.33,78.78,60.9,87.83,42.62,73.12,35.9,51,73.76,61.46,29.96,92.05,35.05,80.23,52.34,94.45,83.61,63.35,12.68,80.69,100,26.37,70.07,70.85,99.14,92.18,22.51,8.28,21.1,72.79,33.34,26.87,0,43.2,66.65,72.2,52.2,56,35.38,27.21,95.94,32.87,25.5,32.8,68.5,73.2,0,2.54,50.39,1.7,75.2,65.9,47.74,78.87,62.49,40,64.31,55.87,89.03,38.01,69.28,52.34,35.24,56.49,52.01,28.94,47.6,59.07,63.44,43.6,55.37,"Lower middle income",1670,0.72,76.90277778,71.725,"Uzbekistan",1784.009816,1750.697113,8.316373665,8.375026955
"144",704,"VNM","Viet Nam","East Asia and Pacific",46.36,47.97,52.64,36.1,43.32,43.81,17.49,83.22,74.23,92.17,94.28,41.87,41.2,31.36,27.3,44.98,20.29,35.31,20.55,77.66,51.69,37.54,90.06,49.27,61.52,63.6,83.49,76.75,44.74,35.3,64.68,51.59,37.19,77.99,10.27,3.91,2.85,8.32,82.98,14.28,71.34,12.79,54.08,66.16,59,17.47,14.1,39.7,35.5,64.91,28.66,92.91,59.14,18.38,24.9,51.5,40,0.3,10.2,49.69,25,39.4,50.8,43.97,72.28,37.34,19.04,64.24,58.13,80.12,40.02,57.86,20.43,52.67,34.34,60.24,20.76,38.4,50.46,50.78,42.08,47.77,"Lower middle income",2660,0.704,67.85511364,75.4,"Vietnam",2715.27598,2785.724161,46.98032702,47.22511046
"145",894,"ZMB","Zambia","Sub-Saharan Africa",39.54,39.01,24.17,12.8,13.12,5.64,7.04,7.22,8.64,30.95,92.99,90.35,89.54,72.06,80.53,46.02,48.55,8,50.19,34.73,92.81,25.71,70.18,94.06,80.45,80.89,84.75,74.76,64.81,8.03,18.36,16.23,25.16,62.03,14.71,14.91,5.9,24.58,82.32,20.92,74.05,2.95,43.41,53.32,70.5,55.48,27.6,61.6,63.8,0.55,25.95,33.87,62.08,47.85,12.5,0,45.1,4.2,2.37,50.51,68.6,91.8,65.8,13.93,29.37,75.7,26.68,55.86,85.14,79.76,36.42,30.44,27.22,48.85,41.81,40.63,16,75.4,45.06,46.79,44.23,45.35,"Lower middle income",1190,0.584,77.65410959,63.886,"Zambia",1305.001031,985.132436,60.53651515,60.28333714
"146",716,"ZWE","Zimbabwe","Sub-Saharan Africa",37.76,36.64,10.55,9.71,16.38,15.43,15.48,9.43,16.04,25.39,94.5,80.42,62.03,52.97,62.32,23.06,0,0,54.91,36.68,87.28,28.38,74.16,89.79,90.03,81.01,99.39,75.01,61.81,11.67,27.54,27.91,48.69,37.4,79.54,81.83,2.62,9.23,1.57,53.15,80.47,5.21,47.11,100,73.8,43.24,20.8,47.8,39,21.64,19.53,31.04,39.83,52.33,10.2,48.2,33.7,0,2.6,51.03,54.1,91.2,58,13.02,32.17,56.16,13.73,56.62,86.94,87.2,36.74,35.39,37.99,61.32,34.49,30.13,21,67.77,40.93,52.91,43.14,45.66,"Lower middle income",1090,0.571,79.96497373,61.49,"Zimbabwe",1316.740657,1214.50982,45.21300246,45.09391237
