"code","iso","country","WST.raw.1970","WST.raw.1980","WST.raw.1989","WST.raw.1990","WST.raw.1991","WST.raw.1992","WST.raw.1993","WST.raw.1994","WST.raw.1995","WST.raw.1996","WST.raw.1997","WST.raw.1998","WST.raw.1999","WST.raw.2000","WST.raw.2001","WST.raw.2002","WST.raw.2003","WST.raw.2004","WST.raw.2005","WST.raw.2006","WST.raw.2007","WST.raw.2008","WST.raw.2009","WST.raw.2010","WST.raw.2011","WST.raw.2012","WST.raw.2013","WST.raw.2014","WST.raw.2015","WST.raw.2016","WST.raw.2017","WST.mry"
4,"AFG","Afghanistan",-9999,-9999,-9999,-9999,-9999,-9999,-9999,-9999,-9999,-9999,-9999,-9999,-9999,-9999,-9999,-9999,-9999,-9999,-9999,-9999,-9999,-9999,-9999,-9999,0,-9999,-9999,-9999,-9999,-9999,-9999,0
8,"ALB","Albania",-9999,-9999,-9999,-9999,-9999,-9999,-9999,-9999,-9999,-9999,-9999,-9999,-9999,-9999,-9999,-9999,-9999,-9999,-9999,-9999,-9999,-9999,-9999,-9999,-9999,-9999,-9999,0.369,0.334,-9999,-9999,0.334
12,"DZA","Algeria",-9999,-9999,-9999,-9999,-9999,-9999,-9999,-9999,-9999,-9999,-9999,-9999,-9999,-9999,-9999,-9999,-9999,-9999,-9999,-9999,-9999,-9999,-9999,-9999,0.46,-9999,-9999,-9999,-9999,-9999,-9999,0.46
20,"AND","Andorra",-9999,-9999,-9999,-9999,-9999,-9999,-9999,-9999,-9999,-9999,-9999,0.059,0.072,0.07,0.072,0.15,0.232,0.189,0.144,0.703,0.748,0.877,1,0.948,1,1,1,1,1,-9999,-9999,1
24,"AGO","Angola",-9999,-9999,-9999,-9999,-9999,-9999,-9999,-9999,-9999,-9999,-9999,-9999,-9999,-9999,-9999,-9999,-9999,-9999,-9999,-9999,-9999,-9999,-9999,-9999,0,-9999,-9999,-9999,-9999,-9999,-9999,0
660,"AIA","Anguilla",-8888,-8888,-8888,-8888,-8888,-8888,-8888,-8888,-8888,-8888,-8888,-8888,-8888,-8888,-8888,-8888,-8888,-8888,-8888,-8888,-8888,-8888,-8888,-8888,-8888,-8888,-8888,-8888,-8888,-8888,-8888,-8888
28,"ATG","Antigua and Barbuda",-9999,-9999,-9999,-9999,-9999,-9999,-9999,-9999,-9999,-9999,-9999,-9999,-9999,-9999,-9999,-9999,-9999,-9999,-9999,-9999,-9999,-9999,-9999,-9999,-9999,-9999,-9999,-9999,-9999,-9999,-9999,0.115583414432524
32,"ARG","Argentina",-9999,-9999,-9999,-9999,-9999,-9999,-9999,-9999,-9999,-9999,-9999,-9999,-9999,-9999,-9999,-9999,-9999,-9999,-9999,-9999,-9999,-9999,-9999,-9999,0.118,-9999,-9999,-9999,-9999,-9999,-9999,0.118
51,"ARM","Armenia",-9999,-9999,-9999,0.354,-9999,-9999,-9999,-9999,0.334,0.357,0.338,0.286,0.381,0.331,0.475,0.54,0.408,0.292,0.238,0.255,0.251,0.196,0.175,0.146,0.153,0.122,0.079,0.152,0.146,-9999,-9999,0.146
533,"ABW","Aruba",-9999,-9999,-9999,-9999,-9999,-9999,-9999,-9999,-9999,-9999,-9999,-9999,-9999,-9999,-9999,-9999,-9999,-9999,-9999,-9999,-9999,-9999,-9999,-9999,-9999,-9999,-9999,-9999,-9999,-9999,-9999,0.141044969746079
36,"AUS","Australia",-9999,-9999,-9999,-9999,-9999,-9999,-9999,-9999,-9999,-9999,-9999,-9999,-9999,-9999,-9999,-9999,-9999,-9999,-9999,-9999,-9999,-9999,-9999,-9999,1,-9999,-9999,-9999,-9999,-9999,-9999,1
40,"AUT","Austria",-9999,-9999,-9999,-9999,-9999,-9999,-9999,-9999,-9999,-9999,-9999,-9999,-9999,-9999,-9999,-9999,-9999,-9999,-9999,-9999,-9999,-9999,-9999,-9999,0.94,-9999,-9999,-9999,-9999,-9999,-9999,0.94
31,"AZE","Azerbaijan",-9999,-9999,-9999,-9999,-9999,-9999,-9999,-9999,-9999,-9999,-9999,-9999,-9999,-9999,-9999,-9999,-9999,-9999,-9999,-9999,-9999,-9999,-9999,-9999,0.2,-9999,-9999,-9999,-9999,-9999,-9999,0.2
44,"BHS","Bahamas",-9999,-9999,-9999,-9999,-9999,-9999,-9999,-9999,-9999,-9999,-9999,-9999,-9999,-9999,-9999,-9999,-9999,-9999,-9999,-9999,-9999,-9999,-9999,-9999,-9999,-9999,-9999,-9999,-9999,-9999,-9999,0.111904257570507
48,"BHR","Bahrain",-9999,-9999,-9999,1,-9999,-9999,-9999,-9999,-9999,-9999,-9999,-9999,-9999,-9999,-9999,-9999,-9999,1,1,1,1,1,1,1,1,1,1,0.992,0.987,-9999,-9999,0.987
50,"BGD","Bangladesh",-9999,-9999,-9999,-9999,-9999,-9999,-9999,-9999,-9999,-9999,-9999,-9999,-9999,-9999,-9999,-9999,-9999,-9999,-9999,-9999,-9999,-9999,-9999,-9999,0,-9999,-9999,-9999,-9999,-9999,-9999,0
52,"BRB","Barbados",-9999,-9999,-9999,-9999,-9999,-9999,-9999,-9999,-9999,-9999,-9999,-9999,-9999,-9999,-9999,-9999,-9999,-9999,-9999,-9999,-9999,-9999,-9999,-9999,-9999,-9999,-9999,-9999,-9999,-9999,-9999,0.110453705843885
112,"BLR","Belarus",-9999,-9999,-9999,-9999,-9999,-9999,-9999,-9999,-9999,-9999,-9999,-9999,-9999,-9999,-9999,-9999,-9999,-9999,-9999,-9999,-9999,-9999,-9999,-9999,0.1,-9999,-9999,-9999,-9999,-9999,-9999,0.1
56,"BEL","Belgium",-9999,-9999,-9999,-9999,-9999,-9999,-9999,-9999,-9999,-9999,-9999,-9999,-9999,-9999,-9999,-9999,-9999,-9999,-9999,-9999,-9999,-9999,-9999,-9999,0.71,-9999,-9999,-9999,-9999,-9999,-9999,0.71
84,"BLZ","Belize",-9999,-9999,-9999,-9999,-9999,-9999,-9999,-9999,-9999,-9999,-9999,-9999,-9999,-9999,-9999,-9999,-9999,-9999,-9999,-9999,-9999,-9999,-9999,-9999,-9999,-9999,-9999,-9999,-9999,-9999,-9999,0.0549970367282727
204,"BEN","Benin",-9999,-9999,-9999,-9999,-9999,-9999,-9999,-9999,-9999,-9999,-9999,-9999,-9999,-9999,-9999,-9999,-9999,-9999,-9999,-9999,-9999,-9999,-9999,-9999,-9999,0.004,-9999,-9999,-9999,-9999,-9999,0.004
60,"BMU","Bermuda",-9999,-9999,-9999,-9999,-9999,-9999,-9999,-9999,-9999,-9999,-9999,-9999,-9999,-9999,-9999,-9999,-9999,-9999,-9999,-9999,-9999,-9999,-9999,-9999,-9999,-9999,0,-9999,-9999,-9999,-9999,0
64,"BTN","Bhutan",-9999,-9999,-9999,-9999,-9999,-9999,-9999,-9999,-9999,-9999,-9999,-9999,-9999,-9999,-9999,-9999,-9999,-9999,-9999,-9999,-9999,-9999,-9999,-9999,0,-9999,-9999,-9999,-9999,-9999,-9999,0
68,"BOL","Bolivia",-9999,-9999,-9999,-9999,-9999,-9999,-9999,-9999,-9999,-9999,-9999,-9999,-9999,-9999,-9999,-9999,-9999,-9999,-9999,-9999,-9999,-9999,-9999,-9999,0.11,-9999,-9999,-9999,-9999,-9999,-9999,0.11
70,"BIH","Bosnia and Herzegovina",-9999,-9999,-9999,-9999,-9999,-9999,-9999,-9999,-9999,-9999,-9999,-9999,-9999,-9999,-9999,-9999,-9999,0.034,0.033,0.037,0.043,0.046,0.261,0.263,0.253,0.312,0.309,0.299,0.313,-9999,-9999,0.313
72,"BWA","Botswana",-9999,-9999,-9999,-9999,-9999,-9999,-9999,-9999,-9999,-9999,-9999,-9999,-9999,-9999,-9999,-9999,-9999,-9999,-9999,-9999,-9999,-9999,-9999,-9999,0.05,-9999,-9999,-9999,-9999,-9999,-9999,0.05
76,"BRA","Brazil",-9999,-9999,-9999,-9999,-9999,-9999,-9999,-9999,-9999,-9999,-9999,-9999,-9999,-9999,-9999,-9999,-9999,-9999,-9999,-9999,-9999,-9999,-9999,-9999,-9999,-9999,-9999,-9999,-9999,0.7487,-9999,0.7487
92,"VGB","British Virgin Islands",-8888,-8888,-8888,-8888,-8888,-8888,-8888,-8888,-8888,-8888,-8888,-8888,-8888,-8888,-8888,-8888,-8888,-8888,-8888,-8888,-8888,-8888,-8888,-8888,-8888,-8888,-8888,-8888,-8888,-8888,-8888,-8888
96,"BRN","Brunei Darussalam",-9999,-9999,-9999,-9999,-9999,-9999,-9999,-9999,-9999,-9999,-9999,-9999,-9999,-9999,-9999,-9999,-9999,-9999,-9999,-9999,-9999,-9999,-9999,-9999,-9999,-9999,-9999,-9999,-9999,-9999,-9999,0.150442354714326
100,"BGR","Bulgaria",-9999,-9999,-9999,-9999,-9999,-9999,-9999,-9999,-9999,-9999,-9999,-9999,-9999,-9999,-9999,-9999,-9999,-9999,-9999,-9999,-9999,-9999,-9999,-9999,0.16,-9999,-9999,-9999,-9999,-9999,-9999,0.16
854,"BFA","Burkina Faso",-9999,-9999,-9999,-9999,-9999,-9999,-9999,-9999,-9999,-9999,-9999,-9999,-9999,-9999,-9999,-9999,-9999,-9999,-9999,-9999,-9999,-9999,-9999,-9999,0,-9999,-9999,-9999,-9999,-9999,-9999,0
108,"BDI","Burundi",-9999,-9999,-9999,-9999,-9999,-9999,-9999,-9999,-9999,-9999,-9999,-9999,-9999,-9999,-9999,-9999,-9999,-9999,-9999,-9999,-9999,-9999,-9999,-9999,0,-9999,-9999,-9999,-9999,-9999,-9999,0
132,"CPV","Cabo Verde",-9999,-9999,-9999,-9999,-9999,-9999,-9999,-9999,-9999,-9999,-9999,-9999,-9999,-9999,-9999,-9999,-9999,-9999,-9999,-9999,-9999,1,-9999,-9999,-9999,-9999,-9999,-9999,-9999,-9999,-9999,1
116,"KHM","Cambodia",-9999,-9999,-9999,-9999,-9999,-9999,-9999,-9999,-9999,-9999,-9999,-9999,-9999,-9999,-9999,-9999,-9999,-9999,-9999,-9999,-9999,-9999,-9999,-9999,0,-9999,-9999,-9999,-9999,-9999,-9999,0
120,"CMR","Cameroon",-9999,-9999,-9999,-9999,-9999,-9999,-9999,-9999,-9999,-9999,-9999,-9999,-9999,-9999,-9999,-9999,-9999,-9999,-9999,-9999,-9999,-9999,-9999,-9999,0,-9999,-9999,-9999,-9999,-9999,-9999,0
124,"CAN","Canada",-9999,-9999,-9999,-9999,-9999,-9999,-9999,-9999,-9999,-9999,-9999,-9999,-9999,-9999,-9999,-9999,-9999,-9999,-9999,-9999,-9999,-9999,-9999,-9999,0.8,-9999,-9999,-9999,-9999,-9999,-9999,0.8
136,"CYM","Cayman Islands",-9999,-9999,-9999,-9999,-9999,-9999,-9999,-9999,-9999,-9999,-9999,-9999,-9999,-9999,-9999,-9999,-9999,-9999,-9999,-9999,-9999,-9999,-9999,-9999,-9999,-9999,-9999,-9999,-9999,-9999,-9999,0.159769876372101
140,"CAF","Central African Republic",-9999,-9999,-9999,-9999,-9999,-9999,-9999,-9999,-9999,-9999,-9999,-9999,-9999,-9999,-9999,-9999,-9999,-9999,-9999,-9999,-9999,-9999,-9999,-9999,0,-9999,-9999,-9999,-9999,-9999,-9999,0
148,"TCD","Chad",-9999,-9999,-9999,-9999,-9999,-9999,-9999,-9999,-9999,-9999,-9999,-9999,-9999,-9999,-9999,-9999,-9999,-9999,-9999,-9999,-9999,-9999,-9999,-9999,0,-9999,-9999,-9999,-9999,-9999,-9999,0
152,"CHL","Chile",-9999,-9999,-9999,-9999,-9999,-9999,-9999,-9999,-9999,-9999,-9999,-9999,-9999,-9999,-9999,-9999,-9999,-9999,-9999,-9999,-9999,-9999,-9999,-9999,0.72,-9999,-9999,-9999,-9999,-9999,-9999,0.72
156,"CHN","China",-9999,-9999,-9999,-9999,-9999,-9999,-9999,-9999,-9999,-9999,-9999,-9999,-9999,-9999,-9999,-9999,-9999,-9999,-9999,-9999,-9999,-9999,-9999,-9999,0.288,-9999,-9999,-9999,-9999,-9999,-9999,0.288
170,"COL","Colombia",-9999,-9999,-9999,-9999,-9999,-9999,-9999,-9999,-9999,-9999,-9999,-9999,-9999,-9999,-9999,-9999,-9999,-9999,-9999,-9999,-9999,-9999,-9999,-9999,0.28,-9999,-9999,-9999,-9999,-9999,-9999,0.28
174,"COM","Comoros",-9999,-9999,-9999,-9999,-9999,-9999,-9999,-9999,-9999,-9999,-9999,-9999,-9999,-9999,-9999,-9999,-9999,-9999,-9999,-9999,-9999,-9999,-9999,-9999,-9999,-9999,-9999,-9999,-9999,-9999,-9999,0.0480724754839807
184,"COK","Cook Islands",-8888,-8888,-8888,-8888,-8888,-8888,-8888,-8888,-8888,-8888,-8888,-8888,-8888,-8888,-8888,-8888,-8888,-8888,-8888,-8888,-8888,-8888,-8888,-8888,-8888,-8888,-8888,-8888,-8888,-8888,-8888,-8888
188,"CRI","Costa Rica",-9999,-9999,-9999,-9999,-9999,-9999,-9999,-9999,-9999,-9999,-9999,-9999,-9999,-9999,-9999,-9999,-9999,-9999,-9999,-9999,-9999,0.683,0.689,0.747,0.735,0.735,0.437,0.431,0.833,-9999,-9999,0.833
384,"CIV","Cote d'Ivoire",-9999,-9999,-9999,-9999,-9999,-9999,-9999,-9999,-9999,-9999,-9999,-9999,-9999,-9999,-9999,-9999,-9999,-9999,-9999,-9999,-9999,-9999,-9999,-9999,-9999,0.05,-9999,-9999,-9999,-9999,-9999,0.05
191,"HRV","Croatia",-9999,-9999,-9999,-9999,-9999,-9999,-9999,-9999,-9999,-9999,-9999,-9999,-9999,-9999,-9999,-9999,-9999,-9999,-9999,-9999,-9999,0.497,0.521,0.574,0.506,0.679,0.677,0.647,0.526,-9999,-9999,0.526
192,"CUB","Cuba",-9999,-9999,-9999,-9999,-9999,-9999,-9999,-9999,-9999,-9999,-9999,-9999,-9999,-9999,-9999,-9999,-9999,-9999,-9999,-9999,-9999,-9999,-9999,-9999,0.15,-9999,-9999,-9999,-9999,-9999,-9999,0.15
531,"CUW","Curacao",-9999,-9999,-9999,-9999,-9999,-9999,-9999,-9999,-9999,-9999,-9999,-9999,-9999,-9999,-9999,-9999,-9999,-9999,-9999,-9999,-9999,-9999,-9999,-9999,-9999,-9999,-9999,-9999,-9999,-9999,-9999,0.123561192712326
196,"CYP","Cyprus",-9999,-9999,-9999,-9999,-9999,-9999,-9999,-9999,-9999,-9999,-9999,-9999,-9999,-9999,-9999,-9999,-9999,-9999,-9999,-9999,-9999,-9999,-9999,-9999,0.5,-9999,-9999,-9999,-9999,-9999,-9999,0.5
203,"CZE","Czech Republic",-9999,-9999,-9999,-9999,-9999,-9999,-9999,-9999,-9999,-9999,-9999,-9999,-9999,-9999,-9999,-9999,-9999,-9999,-9999,-9999,-9999,-9999,-9999,-9999,0.75,-9999,-9999,-9999,-9999,-9999,-9999,0.75
180,"COD","Dem. Rep. Congo",-9999,-9999,-9999,-9999,-9999,-9999,-9999,-9999,-9999,-9999,-9999,-9999,-9999,-9999,-9999,-9999,-9999,-9999,-9999,-9999,-9999,-9999,-9999,-9999,-9999,0,-9999,-9999,-9999,-9999,-9999,0
208,"DNK","Denmark",-9999,-9999,-9999,-9999,-9999,-9999,-9999,-9999,-9999,-9999,-9999,-9999,-9999,-9999,-9999,-9999,-9999,-9999,-9999,-9999,-9999,-9999,-9999,-9999,1,-9999,-9999,-9999,-9999,-9999,-9999,1
262,"DJI","Djibouti",-9999,-9999,-9999,-9999,-9999,-9999,-9999,-9999,-9999,-9999,-9999,-9999,-9999,-9999,-9999,-9999,-9999,-9999,-9999,-9999,-9999,-9999,-9999,-9999,0,-9999,-9999,-9999,-9999,-9999,-9999,0
212,"DMA","Dominica",-9999,-9999,-9999,-9999,-9999,-9999,-9999,-9999,-9999,-9999,-9999,-9999,-9999,-9999,-9999,-9999,-9999,-9999,-9999,-9999,-9999,-9999,-9999,-9999,-9999,-9999,-9999,-9999,-9999,-9999,-9999,0.0759956581032357
214,"DOM","Dominican Republic",-9999,-9999,-9999,-9999,-9999,-9999,-9999,-9999,-9999,-9999,-9999,-9999,-9999,-9999,-9999,-9999,-9999,-9999,-9999,-9999,-9999,-9999,-9999,-9999,0.487,-9999,-9999,-9999,-9999,-9999,-9999,0.487
218,"ECU","Ecuador",-9999,-9999,-9999,-9999,-9999,-9999,-9999,-9999,-9999,-9999,-9999,-9999,-9999,-9999,-9999,-9999,-9999,-9999,-9999,-9999,-9999,-9999,-9999,-9999,0,-9999,-9999,-9999,-9999,-9999,-9999,0
818,"EGY","Egypt",-9999,-9999,-9999,-9999,-9999,-9999,-9999,-9999,-9999,-9999,-9999,-9999,-9999,-9999,-9999,-9999,-9999,-9999,-9999,-9999,-9999,-9999,-9999,-9999,0.567,-9999,-9999,-9999,-9999,-9999,-9999,0.567
222,"SLV","El Salvador",-9999,-9999,-9999,-9999,-9999,-9999,-9999,-9999,-9999,-9999,-9999,-9999,-9999,-9999,-9999,-9999,-9999,-9999,-9999,-9999,-9999,-9999,-9999,-9999,0.025,-9999,-9999,-9999,-9999,-9999,-9999,0.025
226,"GNQ","Equatorial Guinea",-9999,-9999,-9999,-9999,-9999,-9999,-9999,-9999,-9999,-9999,-9999,-9999,-9999,-9999,-9999,-9999,-9999,-9999,-9999,-9999,-9999,-9999,-9999,-9999,0.05,-9999,-9999,-9999,-9999,-9999,-9999,0.05
232,"ERI","Eritrea",-9999,-9999,-9999,-9999,-9999,-9999,-9999,-9999,-9999,-9999,-9999,-9999,-9999,-9999,-9999,-9999,-9999,-9999,-9999,-9999,-9999,-9999,-9999,-9999,0,-9999,-9999,-9999,-9999,-9999,-9999,0
233,"EST","Estonia",-9999,-9999,-9999,-9999,-9999,-9999,-9999,-9999,-9999,-9999,-9999,-9999,-9999,-9999,-9999,-9999,-9999,-9999,-9999,-9999,-9999,-9999,-9999,-9999,0.8,-9999,-9999,-9999,-9999,-9999,-9999,0.8
748,"SWZ","Eswatini",-9999,-9999,-9999,-9999,-9999,-9999,-9999,-9999,-9999,-9999,-9999,-9999,-9999,-9999,-9999,0.75,-9999,-9999,-9999,-9999,-9999,-9999,-9999,-9999,-9999,-9999,-9999,-9999,-9999,-9999,-9999,0.75
231,"ETH","Ethiopia",-9999,-9999,-9999,-9999,-9999,-9999,-9999,-9999,-9999,-9999,-9999,-9999,-9999,-9999,-9999,-9999,-9999,-9999,-9999,-9999,-9999,-9999,-9999,-9999,-9999,0,-9999,-9999,-9999,-9999,-9999,0
234,"FRO","Faeroe Islands",-8888,-8888,-8888,-8888,-8888,-8888,-8888,-8888,-8888,-8888,-8888,-8888,-8888,-8888,-8888,-8888,-8888,-8888,-8888,-8888,-8888,-8888,-8888,-8888,-8888,-8888,-8888,-8888,-8888,-8888,-8888,-8888
238,"FLK","Falkland Islands",-8888,-8888,-8888,-8888,-8888,-8888,-8888,-8888,-8888,-8888,-8888,-8888,-8888,-8888,-8888,-8888,-8888,-8888,-8888,-8888,-8888,-8888,-8888,-8888,-8888,-8888,-8888,-8888,-8888,-8888,-8888,-8888
242,"FJI","Fiji",-9999,-9999,-9999,-9999,-9999,-9999,-9999,-9999,-9999,-9999,-9999,-9999,-9999,-9999,-9999,-9999,-9999,-9999,-9999,-9999,-9999,-9999,-9999,-9999,0.1,-9999,-9999,-9999,-9999,-9999,-9999,0.1
246,"FIN","Finland",-9999,-9999,-9999,-9999,-9999,-9999,-9999,-9999,-9999,-9999,-9999,-9999,-9999,-9999,-9999,-9999,-9999,-9999,-9999,-9999,-9999,-9999,-9999,-9999,1,-9999,-9999,-9999,-9999,-9999,-9999,1
250,"FRA","France",-9999,-9999,-9999,-9999,-9999,-9999,-9999,-9999,-9999,-9999,-9999,-9999,-9999,-9999,-9999,-9999,-9999,-9999,-9999,-9999,-9999,-9999,-9999,-9999,0.88,-9999,-9999,-9999,-9999,-9999,-9999,0.88
258,"PYF","French Polynesia",-8888,-8888,-8888,-8888,-8888,-8888,-8888,-8888,-8888,-8888,-8888,-8888,-8888,-8888,-8888,-8888,-8888,-8888,-8888,-8888,-8888,-8888,-8888,-8888,-8888,-8888,-8888,-8888,-8888,-8888,-8888,-8888
266,"GAB","Gabon",-9999,-9999,-9999,-9999,-9999,-9999,-9999,-9999,-9999,-9999,-9999,-9999,-9999,-9999,-9999,-9999,-9999,-9999,-9999,-9999,-9999,-9999,-9999,-9999,0,-9999,-9999,-9999,-9999,-9999,-9999,0
270,"GMB","Gambia",-9999,-9999,-9999,-9999,-9999,-9999,-9999,-9999,-9999,-9999,-9999,-9999,-9999,-9999,-9999,-9999,-9999,-9999,-9999,-9999,-9999,-9999,-9999,-9999,-9999,-9999,-9999,-9999,-9999,-9999,-9999,0.0371637954023078
268,"GEO","Georgia",-9999,-9999,-9999,-9999,-9999,-9999,-9999,-9999,0.601,0.397,0.399,0.465,0.56,0.583,-9999,-9999,-9999,-9999,-9999,-9999,-9999,-9999,-9999,-9999,-9999,-9999,-9999,-9999,-9999,-9999,-9999,0.583
276,"DEU","Germany",-9999,-9999,-9999,-9999,-9999,-9999,-9999,-9999,-9999,-9999,-9999,-9999,-9999,-9999,-9999,-9999,-9999,-9999,-9999,-9999,-9999,-9999,-9999,-9999,0.97,-9999,-9999,-9999,-9999,-9999,-9999,0.97
288,"GHA","Ghana",-9999,-9999,-9999,-9999,-9999,-9999,-9999,-9999,-9999,-9999,-9999,-9999,-9999,-9999,-9999,-9999,-9999,-9999,-9999,-9999,-9999,-9999,-9999,-9999,0.339,-9999,0,-9999,-9999,-9999,-9999,0
300,"GRC","Greece",-9999,-9999,-9999,-9999,-9999,-9999,-9999,-9999,-9999,-9999,-9999,-9999,-9999,-9999,-9999,-9999,-9999,-9999,-9999,-9999,-9999,-9999,-9999,-9999,0.88,-9999,-9999,-9999,-9999,-9999,-9999,0.88
304,"GRL","Greenland",-8888,-8888,-8888,-8888,-8888,-8888,-8888,-8888,-8888,-8888,-8888,-8888,-8888,-8888,-8888,-8888,-8888,-8888,-8888,-8888,-8888,-8888,-8888,-8888,-8888,-8888,-8888,-8888,-8888,-8888,-8888,-8888
308,"GRD","Grenada",-9999,-9999,-9999,-9999,-9999,-9999,-9999,-9999,-9999,-9999,-9999,-9999,-9999,-9999,-9999,-9999,-9999,-9999,-9999,-9999,-9999,-9999,-9999,-9999,-9999,-9999,-9999,-9999,-9999,-9999,-9999,0.0966459162958656
320,"GTM","Guatemala",-9999,-9999,-9999,-9999,-9999,-9999,-9999,-9999,-9999,-9999,-9999,-9999,-9999,-9999,-9999,-9999,-9999,-9999,-9999,-9999,-9999,-9999,-9999,-9999,0.2,-9999,-9999,-9999,-9999,-9999,-9999,0.2
831,"GGY","Guernsey",-8888,-8888,-8888,-8888,-8888,-8888,-8888,-8888,-8888,-8888,-8888,-8888,-8888,-8888,-8888,-8888,-8888,-8888,-8888,-8888,-8888,-8888,-8888,-8888,-8888,-8888,-8888,-8888,-8888,-8888,-8888,-8888
324,"GIN","Guinea",-9999,-9999,-9999,-9999,-9999,-9999,-9999,-9999,-9999,-9999,-9999,-9999,-9999,-9999,-9999,-9999,-9999,-9999,-9999,-9999,-9999,-9999,-9999,-9999,0,-9999,-9999,-9999,-9999,-9999,-9999,0
624,"GNB","Guinea-Bissau",-9999,-9999,-9999,-9999,-9999,-9999,-9999,-9999,-9999,-9999,-9999,-9999,-9999,-9999,-9999,-9999,-9999,-9999,-9999,-9999,-9999,-9999,-9999,-9999,0,-9999,-9999,-9999,-9999,-9999,-9999,0
328,"GUY","Guyana",-9999,-9999,-9999,-9999,-9999,-9999,-9999,-9999,-9999,-9999,-9999,-9999,-9999,-9999,-9999,-9999,-9999,-9999,-9999,-9999,0,-9999,-9999,-9999,-9999,-9999,0,-9999,-9999,-9999,-9999,0
332,"HTI","Haiti",-9999,-9999,-9999,-9999,-9999,-9999,-9999,-9999,-9999,-9999,-9999,-9999,-9999,-9999,-9999,-9999,-9999,-9999,-9999,-9999,-9999,-9999,-9999,-9999,-9999,-9999,0,-9999,-9999,-9999,-9999,0
336,"VAT","Holy See",-8888,-8888,-8888,-8888,-8888,-8888,-8888,-8888,-8888,-8888,-8888,-8888,-8888,-8888,-8888,-8888,-8888,-8888,-8888,-8888,-8888,-8888,-8888,-8888,-8888,-8888,-8888,-8888,-8888,-8888,-8888,-8888
340,"HND","Honduras",-9999,-9999,-9999,-9999,-9999,-9999,-9999,-9999,-9999,-9999,-9999,-9999,-9999,-9999,-9999,-9999,-9999,-9999,-9999,-9999,-9999,-9999,-9999,-9999,0.05,-9999,-9999,-9999,-9999,-9999,-9999,0.05
344,"HKG","Hong Kong",-9999,-9999,-9999,-9999,-9999,-9999,-9999,-9999,-9999,-9999,-9999,-9999,-9999,-9999,-9999,-9999,-9999,-9999,-9999,-9999,-9999,-9999,-9999,-9999,0.95,-9999,-9999,-9999,-9999,-9999,-9999,0.95
348,"HUN","Hungary",-9999,-9999,-9999,-9999,-9999,-9999,-9999,-9999,-9999,-9999,-9999,-9999,-9999,-9999,-9999,-9999,-9999,-9999,-9999,-9999,-9999,-9999,-9999,-9999,0.7,-9999,-9999,-9999,-9999,-9999,-9999,0.7
352,"ISL","Iceland",-9999,-9999,-9999,-9999,-9999,-9999,-9999,-9999,-9999,-9999,-9999,-9999,-9999,-9999,-9999,-9999,-9999,-9999,-9999,-9999,-9999,-9999,-9999,-9999,-9999,-9999,-9999,-9999,-9999,-9999,-9999,0.213047044566849
356,"IND","India",-9999,-9999,-9999,-9999,-9999,-9999,-9999,-9999,-9999,-9999,-9999,-9999,-9999,-9999,-9999,-9999,-9999,-9999,-9999,-9999,-9999,-9999,-9999,-9999,0.192,-9999,-9999,-9999,-9999,-9999,-9999,0.192
360,"IDN","Indonesia",-9999,-9999,-9999,-9999,-9999,-9999,-9999,-9999,-9999,-9999,-9999,-9999,-9999,-9999,-9999,-9999,-9999,-9999,-9999,-9999,-9999,-9999,-9999,-9999,0.01,-9999,-9999,-9999,-9999,-9999,-9999,0.01
364,"IRN","Iran",-9999,-9999,-9999,-9999,-9999,-9999,-9999,-9999,-9999,-9999,-9999,-9999,-9999,-9999,-9999,-9999,-9999,-9999,-9999,-9999,-9999,-9999,-9999,-9999,0.1,-9999,-9999,-9999,-9999,-9999,-9999,0.1
368,"IRQ","Iraq",-9999,-9999,-9999,-9999,-9999,-9999,-9999,-9999,-9999,-9999,-9999,-9999,-9999,-9999,-9999,-9999,-9999,-9999,0.208,0.992,0.461,0.802,0.507,0.394,0.504,0.044,0.672,0.703,0.718,-9999,-9999,0.718
372,"IRL","Ireland",-9999,-9999,-9999,-9999,-9999,-9999,-9999,-9999,-9999,-9999,-9999,-9999,-9999,-9999,-9999,-9999,-9999,-9999,-9999,-9999,-9999,-9999,-9999,-9999,0.925,-9999,-9999,-9999,-9999,-9999,-9999,0.925
833,"IMN","Isle of Man",-8888,-8888,-8888,-8888,-8888,-8888,-8888,-8888,-8888,-8888,-8888,-8888,-8888,-8888,-8888,-8888,-8888,-8888,-8888,-8888,-8888,-8888,-8888,-8888,-8888,-8888,-8888,-8888,-8888,-8888,-8888,-8888
376,"ISR","Israel",-9999,-9999,-9999,-9999,-9999,-9999,-9999,-9999,-9999,-9999,-9999,-9999,-9999,-9999,-9999,-9999,-9999,-9999,-9999,-9999,-9999,-9999,-9999,-9999,0.844,-9999,-9999,-9999,-9999,-9999,-9999,0.844
380,"ITA","Italy",-9999,-9999,-9999,-9999,-9999,-9999,-9999,-9999,-9999,-9999,-9999,-9999,-9999,-9999,-9999,-9999,-9999,-9999,-9999,-9999,-9999,-9999,-9999,-9999,0.94,-9999,-9999,-9999,-9999,-9999,-9999,0.94
388,"JAM","Jamaica",-9999,-9999,-9999,-9999,-9999,-9999,-9999,-9999,-9999,-9999,-9999,-9999,-9999,-9999,-9999,-9999,-9999,-9999,-9999,-9999,-9999,-9999,-9999,-9999,0.1,-9999,-9999,-9999,-9999,-9999,-9999,0.1
392,"JPN","Japan",-9999,-9999,-9999,-9999,-9999,-9999,-9999,-9999,-9999,-9999,-9999,-9999,-9999,-9999,-9999,-9999,-9999,-9999,-9999,-9999,-9999,-9999,-9999,-9999,0.962,-9999,-9999,-9999,-9999,-9999,-9999,0.962
832,"JEY","Jersey",-8888,-8888,-8888,-8888,-8888,-8888,-8888,-8888,-8888,-8888,-8888,-8888,-8888,-8888,-8888,-8888,-8888,-8888,-8888,-8888,-8888,-8888,-8888,-8888,-8888,-8888,-8888,-8888,-8888,-8888,-8888,-8888
400,"JOR","Jordan",-9999,-9999,-9999,-9999,-9999,-9999,-9999,-9999,-9999,-9999,-9999,-9999,-9999,-9999,-9999,-9999,-9999,-9999,-9999,-9999,-9999,-9999,-9999,-9999,0.3,-9999,-9999,-9999,-9999,-9999,-9999,0.3
398,"KAZ","Kazakhstan",-9999,-9999,-9999,-9999,-9999,-9999,-9999,-9999,-9999,-9999,-9999,-9999,-9999,-9999,-9999,-9999,-9999,-9999,-9999,-9999,-9999,-9999,-9999,-9999,0.5,-9999,-9999,-9999,-9999,-9999,-9999,0.5
404,"KEN","Kenya",-9999,-9999,-9999,-9999,-9999,-9999,-9999,-9999,-9999,-9999,-9999,-9999,-9999,-9999,-9999,-9999,-9999,-9999,-9999,-9999,-9999,-9999,-9999,-9999,0.1,-9999,-9999,-9999,-9999,-9999,-9999,0.1
296,"KIR","Kiribati",-9999,-9999,-9999,-9999,-9999,-9999,-9999,-9999,-9999,-9999,-9999,-9999,-9999,-9999,-9999,-9999,-9999,-9999,-9999,-9999,-9999,-9999,-9999,-9999,-9999,-9999,-9999,-9999,-9999,-9999,-9999,0.00758065873898258
689,"XKX","Kosovo",-9999,-9999,-9999,-9999,-9999,-9999,-9999,-9999,-9999,-9999,-9999,-9999,-9999,-9999,-9999,-9999,-9999,-9999,-9999,-9999,-9999,-9999,-9999,-9999,-9999,-9999,-9999,-9999,-9999,-9999,-9999,0.12707531664268
414,"KWT","Kuwait",-9999,-9999,-9999,-9999,-9999,-9999,-9999,-9999,-9999,-9999,-9999,-9999,-9999,-9999,-9999,-9999,-9999,-9999,-9999,-9999,-9999,-9999,-9999,-9999,0.431,-9999,-9999,-9999,-9999,-9999,-9999,0.431
417,"KGZ","Kyrgyzstan",-9999,-9999,-9999,-9999,-9999,-9999,-9999,-9999,-9999,-9999,-9999,-9999,-9999,-9999,-9999,-9999,-9999,-9999,-9999,-9999,-9999,-9999,-9999,-9999,-9999,-9999,-9999,-9999,-9999,-9999,-9999,0.0229884999394655
418,"LAO","Laos",-9999,-9999,-9999,-9999,-9999,-9999,-9999,-9999,-9999,-9999,-9999,-9999,-9999,-9999,-9999,-9999,-9999,-9999,-9999,-9999,-9999,-9999,-9999,-9999,0,-9999,-9999,-9999,-9999,-9999,-9999,0
428,"LVA","Latvia",-9999,-9999,-9999,-9999,-9999,-9999,-9999,-9999,-9999,-9999,-9999,-9999,-9999,-9999,-9999,-9999,-9999,-9999,-9999,-9999,-9999,-9999,-9999,-9999,0.907,-9999,-9999,-9999,-9999,-9999,-9999,0.907
422,"LBN","Lebanon",-9999,-9999,-9999,-9999,-9999,-9999,-9999,-9999,-9999,-9999,-9999,-9999,-9999,-9999,0.812,-9999,-9999,-9999,-9999,-9999,-9999,-9999,-9999,-9999,-9999,-9999,-9999,-9999,-9999,-9999,-9999,0.812
426,"LSO","Lesotho",-9999,-9999,-9999,-9999,-9999,-9999,-9999,-9999,-9999,-9999,-9999,-9999,-9999,-9999,-9999,-9999,-9999,-9999,-9999,-9999,-9999,-9999,-9999,-9999,0.05,-9999,-9999,-9999,-9999,-9999,-9999,0.05
430,"LBR","Liberia",-9999,-9999,-9999,-9999,-9999,-9999,-9999,-9999,-9999,-9999,-9999,-9999,-9999,-9999,-9999,-9999,-9999,-9999,-9999,-9999,-9999,-9999,-9999,-9999,0,-9999,-9999,-9999,-9999,-9999,-9999,0
434,"LBY","Libya",-9999,-9999,-9999,-9999,-9999,-9999,-9999,-9999,-9999,-9999,-9999,-9999,-9999,-9999,-9999,-9999,-9999,-9999,-9999,-9999,-9999,-9999,-9999,-9999,0.2,-9999,-9999,-9999,-9999,-9999,-9999,0.2
438,"LIE","Liechtenstein",-8888,-8888,-8888,-8888,-8888,-8888,-8888,-8888,-8888,-8888,-8888,-8888,-8888,-8888,-8888,-8888,-8888,-8888,-8888,-8888,-8888,-8888,-8888,-8888,-8888,-8888,-8888,-8888,-8888,-8888,-8888,-8888
440,"LTU","Lithuania",-9999,-9999,-9999,-9999,-9999,-9999,-9999,-9999,-9999,-9999,-9999,-9999,-9999,-9999,-9999,-9999,-9999,-9999,-9999,-9999,-9999,-9999,-9999,-9999,0.67,-9999,-9999,-9999,-9999,-9999,-9999,0.67
442,"LUX","Luxembourg",-9999,-9999,-9999,-9999,-9999,-9999,-9999,-9999,-9999,-9999,-9999,-9999,-9999,-9999,-9999,-9999,-9999,-9999,1,-9999,-9999,1,-9999,-9999,-9999,-9999,-9999,-9999,-9999,-9999,-9999,1
446,"MAC","Macao",-9999,-9999,-9999,-9999,-9999,-9999,-9999,-9999,-9999,-9999,-9999,-9999,-9999,-9999,-9999,-9999,-9999,-9999,-9999,-9999,-9999,-9999,-9999,-9999,-9999,-9999,-9999,-9999,-9999,-9999,-9999,0.203062336750217
450,"MDG","Madagascar",-9999,-9999,-9999,-9999,-9999,-9999,-9999,-9999,-9999,-9999,-9999,-9999,-9999,-9999,-9999,-9999,-9999,-9999,-9999,-9999,-9999,-9999,-9999,-9999,0.05,-9999,-9999,-9999,-9999,-9999,-9999,0.05
454,"MWI","Malawi",-9999,-9999,-9999,-9999,-9999,-9999,-9999,-9999,-9999,-9999,-9999,-9999,-9999,-9999,-9999,-9999,-9999,-9999,-9999,-9999,-9999,-9999,-9999,-9999,0,-9999,-9999,-9999,-9999,-9999,-9999,0
458,"MYS","Malaysia",-9999,-9999,-9999,-9999,-9999,-9999,-9999,-9999,-9999,-9999,-9999,-9999,-9999,-9999,-9999,-9999,-9999,-9999,-9999,-9999,-9999,-9999,-9999,-9999,0.16,-9999,-9999,-9999,-9999,-9999,-9999,0.16
462,"MDV","Maldives",-9999,-9999,-9999,-9999,-9999,-9999,-9999,-9999,-9999,-9999,-9999,-9999,-9999,-9999,-9999,-9999,-9999,-9999,-9999,-9999,-9999,-9999,-9999,-9999,-9999,-9999,-9999,-9999,-9999,-9999,-9999,0.0864238590259998
466,"MLI","Mali",-9999,-9999,-9999,-9999,-9999,-9999,-9999,-9999,-9999,-9999,-9999,-9999,-9999,-9999,-9999,-9999,-9999,-9999,-9999,-9999,-9999,-9999,-9999,-9999,0,-9999,-9999,-9999,-9999,-9999,-9999,0
470,"MLT","Malta",-9999,-9999,-9999,-9999,-9999,-9999,-9999,-9999,-9999,-9999,-9999,-9999,-9999,0,0,0,0,0,0,0,0,0,0,0,0,0,0,0,0,-9999,-9999,0
584,"MHL","Marshall Islands",-9999,-9999,-9999,-9999,-9999,-9999,-9999,-9999,-9999,-9999,-9999,-9999,-9999,-9999,-9999,-9999,-9999,-9999,-9999,-9999,0,-9999,-9999,-9999,-9999,-9999,-9999,-9999,-9999,-9999,-9999,0
478,"MRT","Mauritania",-9999,-9999,-9999,-9999,-9999,-9999,-9999,-9999,-9999,-9999,-9999,-9999,-9999,-9999,-9999,-9999,-9999,-9999,-9999,-9999,-9999,-9999,-9999,-9999,0,-9999,-9999,-9999,-9999,-9999,-9999,0
480,"MUS","Mauritius",-9999,-9999,-9999,-9999,-9999,-9999,-9999,-9999,-9999,-9999,-9999,-9999,-9999,-9999,-9999,-9999,-9999,-9999,-9999,-9999,-9999,-9999,-9999,-9999,0.1,-9999,-9999,-9999,-9999,-9999,-9999,0.1
484,"MEX","Mexico",-9999,-9999,-9999,-9999,-9999,-9999,-9999,-9999,-9999,-9999,-9999,-9999,-9999,0.13,-9999,-9999,-9999,-9999,-9999,-9999,-9999,0.355,-9999,-9999,-9999,-9999,0.502,-9999,-9999,-9999,-9999,0.502
583,"FSM","Micronesia",-9999,-9999,-9999,-9999,-9999,-9999,-9999,-9999,-9999,-9999,-9999,-9999,-9999,-9999,-9999,-9999,-9999,-9999,-9999,-9999,-9999,-9999,-9999,-9999,-9999,-9999,-9999,-9999,-9999,-9999,-9999,0.0275125468173584
498,"MDA","Moldova",-9999,-9999,-9999,-9999,-9999,-9999,-9999,-9999,-9999,-9999,-9999,-9999,-9999,0.215,0.193,0.178,0.114,0.122,0.178,0.171,0.173,0.168,0.17,0.173,0.168,0.166,0.166,0.163,0.166,-9999,-9999,0.166
492,"MCO","Monaco",-9999,-9999,-9999,-9999,-9999,-9999,-9999,-9999,-9999,-9999,-9999,-9999,0.972,0.983,0.962,0.971,1,1,1,1,1,1,1,1,1,1,1,1,1,-9999,-9999,1
496,"MNG","Mongolia",-9999,-9999,-9999,-9999,-9999,-9999,-9999,-9999,-9999,-9999,-9999,-9999,-9999,-9999,-9999,-9999,-9999,-9999,-9999,-9999,-9999,-9999,-9999,-9999,0.1,-9999,-9999,-9999,-9999,-9999,-9999,0.1
499,"MNE","Montenegro",-9999,-9999,-9999,-9999,-9999,-9999,-9999,-9999,-9999,-9999,-9999,-9999,-9999,-9999,-9999,-9999,-9999,-9999,-9999,-9999,-9999,-9999,-9999,-9999,0.465,-9999,-9999,-9999,-9999,-9999,-9999,0.465
504,"MAR","Morocco",-9999,-9999,-9999,-9999,-9999,-9999,-9999,-9999,-9999,-9999,-9999,-9999,-9999,-9999,-9999,-9999,-9999,-9999,-9999,-9999,-9999,-9999,-9999,-9999,0.1,-9999,-9999,-9999,-9999,-9999,-9999,0.1
508,"MOZ","Mozambique",-9999,-9999,-9999,-9999,-9999,-9999,-9999,-9999,-9999,-9999,-9999,-9999,-9999,-9999,-9999,-9999,-9999,0.5,-9999,-9999,-9999,-9999,-9999,-9999,-9999,-9999,-9999,-9999,0.22,-9999,-9999,0.22
104,"MMR","Myanmar",-9999,-9999,-9999,-9999,-9999,-9999,-9999,-9999,-9999,-9999,-9999,-9999,-9999,-9999,-9999,-9999,-9999,-9999,-9999,-9999,-9999,-9999,-9999,-9999,0,-9999,-9999,-9999,-9999,-9999,-9999,0
516,"NAM","Namibia",-9999,-9999,-9999,-9999,-9999,-9999,-9999,-9999,-9999,-9999,-9999,-9999,-9999,-9999,-9999,-9999,-9999,-9999,-9999,-9999,-9999,-9999,-9999,-9999,0.25,-9999,-9999,-9999,-9999,-9999,-9999,0.25
520,"NRU","Nauru",-9999,-9999,-9999,-9999,-9999,-9999,-9999,-9999,-9999,-9999,-9999,-9999,-9999,-9999,-9999,-9999,-9999,-9999,-9999,-9999,-9999,-9999,-9999,-9999,-9999,-9999,-9999,-9999,-9999,-9999,-9999,0.0959357610244872
524,"NPL","Nepal",-9999,-9999,-9999,-9999,-9999,-9999,-9999,-9999,-9999,-9999,-9999,-9999,-9999,-9999,-9999,-9999,-9999,-9999,-9999,-9999,-9999,-9999,-9999,-9999,0,-9999,-9999,-9999,-9999,-9999,-9999,0
528,"NLD","Netherlands",-9999,-9999,-9999,-9999,-9999,-9999,-9999,-9999,-9999,-9999,-9999,-9999,-9999,-9999,-9999,-9999,-9999,-9999,-9999,-9999,-9999,-9999,-9999,-9999,1,-9999,-9999,-9999,-9999,-9999,-9999,1
540,"NCL","New Caledonia",-8888,-8888,-8888,-8888,-8888,-8888,-8888,-8888,-8888,-8888,-8888,-8888,-8888,-8888,-8888,-8888,-8888,-8888,-8888,-8888,-8888,-8888,-8888,-8888,-8888,-8888,-8888,-8888,-8888,-8888,-8888,-8888
554,"NZL","New Zealand",-9999,-9999,-9999,-9999,-9999,-9999,-9999,-9999,-9999,-9999,-9999,-9999,-9999,-9999,-9999,-9999,-9999,-9999,-9999,-9999,-9999,-9999,-9999,-9999,0.95,-9999,-9999,-9999,-9999,-9999,-9999,0.95
558,"NIC","Nicaragua",-9999,-9999,-9999,-9999,-9999,-9999,-9999,-9999,-9999,-9999,-9999,-9999,-9999,-9999,-9999,-9999,-9999,-9999,-9999,-9999,-9999,-9999,-9999,-9999,0,-9999,-9999,-9999,-9999,-9999,-9999,0
562,"NER","Niger",-9999,-9999,-9999,-9999,-9999,-9999,-9999,-9999,-9999,-9999,-9999,-9999,-9999,-9999,-9999,-9999,-9999,-9999,-9999,-9999,-9999,-9999,-9999,-9999,0,-9999,-9999,-9999,-9999,-9999,-9999,0
566,"NGA","Nigeria",-9999,-9999,-9999,-9999,-9999,-9999,-9999,-9999,-9999,-9999,-9999,-9999,-9999,-9999,-9999,-9999,-9999,-9999,-9999,-9999,-9999,-9999,-9999,-9999,0.02,-9999,-9999,-9999,-9999,-9999,-9999,0.02
570,"NIU","Niue",-8888,-8888,-8888,-8888,-8888,-8888,-8888,-8888,-8888,-8888,-8888,-8888,-8888,-8888,-8888,-8888,-8888,-8888,-8888,-8888,-8888,-8888,-8888,-8888,-8888,-8888,-8888,-8888,-8888,-8888,-8888,-8888
408,"PRK","North Korea",-9999,-9999,-9999,-9999,-9999,-9999,-9999,-9999,-9999,-9999,-9999,-9999,-9999,-9999,-9999,-9999,-9999,-9999,-9999,-9999,-9999,-9999,-9999,-9999,0,-9999,-9999,-9999,-9999,-9999,-9999,0
807,"MKD","North Macedonia",-9999,-9999,-9999,-9999,-9999,-9999,-9999,-9999,-9999,-9999,-9999,-9999,-9999,-9999,-9999,-9999,-9999,-9999,-9999,-9999,-9999,-9999,-9999,-9999,-9999,-9999,-9999,-9999,-9999,-9999,-9999,0.13472002147865
578,"NOR","Norway",-9999,-9999,-9999,-9999,-9999,-9999,-9999,-9999,-9999,-9999,-9999,-9999,-9999,-9999,-9999,-9999,-9999,-9999,-9999,-9999,-9999,-9999,-9999,-9999,0.65,-9999,-9999,-9999,-9999,-9999,-9999,0.65
512,"OMN","Oman",-9999,-9999,-9999,-9999,-9999,-9999,-9999,-9999,-9999,-9999,-9999,-9999,-9999,-9999,-9999,-9999,-9999,-9999,-9999,-9999,-9999,-9999,-9999,-9999,0.2,-9999,-9999,-9999,-9999,-9999,-9999,0.2
586,"PAK","Pakistan",-9999,-9999,-9999,-9999,-9999,-9999,-9999,-9999,-9999,-9999,-9999,-9999,-9999,-9999,-9999,-9999,-9999,-9999,-9999,-9999,-9999,-9999,-9999,-9999,0.01,-9999,-9999,-9999,-9999,-9999,-9999,0.01
585,"PLW","Palau",-9999,-9999,-9999,-9999,-9999,-9999,-9999,-9999,-9999,-9999,-9999,-9999,-9999,-9999,-9999,-9999,-9999,-9999,-9999,-9999,-9999,-9999,-9999,-9999,-9999,1,-9999,-9999,-9999,-9999,-9999,1
591,"PAN","Panama",-9999,-9999,-9999,-9999,-9999,-9999,-9999,-9999,-9999,-9999,-9999,-9999,-9999,0.42,0.42,0.42,0.421,0.42,0.42,0.42,0.42,0.42,0.42,0.42,0.42,0.42,0.42,0.42,0.42,-9999,-9999,0.42
598,"PNG","Papua New Guinea",-9999,-9999,-9999,-9999,-9999,-9999,-9999,-9999,-9999,-9999,-9999,-9999,-9999,-9999,-9999,-9999,-9999,-9999,-9999,-9999,-9999,-9999,-9999,-9999,0,-9999,-9999,-9999,-9999,-9999,-9999,0
600,"PRY","Paraguay",-9999,-9999,-9999,-9999,-9999,-9999,-9999,-9999,-9999,-9999,-9999,-9999,-9999,-9999,-9999,-9999,-9999,-9999,-9999,-9999,-9999,-9999,-9999,-9999,0.05,-9999,-9999,-9999,-9999,-9999,-9999,0.05
604,"PER","Peru",-9999,-9999,-9999,-9999,-9999,-9999,-9999,-9999,-9999,-9999,-9999,-9999,-9999,-9999,-9999,-9999,-9999,-9999,-9999,0.281,0.291,0.346,0.346,0.327,0.327,0.344,0.475,0.619,0.761,-9999,-9999,0.761
608,"PHL","Philippines",-9999,-9999,-9999,-9999,-9999,-9999,-9999,-9999,-9999,-9999,-9999,-9999,-9999,-9999,-9999,-9999,-9999,-9999,-9999,-9999,-9999,-9999,-9999,-9999,-9999,0.17,-9999,-9999,-9999,-9999,-9999,0.17
616,"POL","Poland",-9999,-9999,-9999,-9999,-9999,-9999,-9999,-9999,-9999,-9999,-9999,-9999,-9999,-9999,-9999,-9999,-9999,-9999,-9999,-9999,-9999,-9999,-9999,-9999,0.647,-9999,-9999,-9999,-9999,-9999,-9999,0.647
620,"PRT","Portugal",-9999,-9999,-9999,-9999,-9999,-9999,-9999,-9999,-9999,-9999,-9999,-9999,-9999,-9999,-9999,-9999,-9999,-9999,-9999,-9999,-9999,-9999,-9999,-9999,0.696,-9999,-9999,-9999,-9999,-9999,-9999,0.696
634,"QAT","Qatar",-9999,-9999,-9999,-9999,-9999,-9999,-9999,-9999,-9999,-9999,-9999,-9999,-9999,-9999,-9999,-9999,-9999,-9999,-9999,-9999,-9999,-9999,-9999,-9999,0.875,-9999,-9999,-9999,-9999,-9999,-9999,0.875
178,"COG","Republic of Congo",-9999,-9999,-9999,-9999,-9999,-9999,-9999,-9999,-9999,-9999,-9999,-9999,-9999,-9999,-9999,-9999,-9999,-9999,-9999,-9999,-9999,-9999,-9999,-9999,-9999,-9999,-9999,-9999,-9999,-9999,-9999,0.0536173676751309
642,"ROU","Romania",-9999,-9999,-9999,-9999,-9999,-9999,-9999,-9999,-9999,-9999,-9999,-9999,-9999,-9999,-9999,-9999,-9999,-9999,-9999,-9999,-9999,0.112,0.118,0.262,0.174,0.243,0.614,0.643,0.635,-9999,-9999,0.635
643,"RUS","Russia",-9999,-9999,-9999,-9999,-9999,-9999,-9999,-9999,-9999,-9999,-9999,-9999,-9999,-9999,-9999,-9999,-9999,-9999,-9999,-9999,-9999,-9999,-9999,-9999,0.25,-9999,-9999,-9999,-9999,-9999,-9999,0.25
646,"RWA","Rwanda",-9999,-9999,-9999,-9999,-9999,-9999,-9999,-9999,-9999,-9999,-9999,-9999,-9999,-9999,-9999,-9999,-9999,-9999,-9999,-9999,-9999,-9999,-9999,-9999,0,-9999,-9999,-9999,-9999,-9999,-9999,0
652,"BLM","Saint Barthelemy",-8888,-8888,-8888,-8888,-8888,-8888,-8888,-8888,-8888,-8888,-8888,-8888,-8888,-8888,-8888,-8888,-8888,-8888,-8888,-8888,-8888,-8888,-8888,-8888,-8888,-8888,-8888,-8888,-8888,-8888,-8888,-8888
659,"KNA","Saint Kitts and Nevis",-9999,-9999,-9999,-9999,-9999,-9999,-9999,-9999,-9999,-9999,-9999,-9999,-9999,-9999,-9999,-9999,-9999,-9999,-9999,-9999,-9999,-9999,-9999,-9999,-9999,-9999,-9999,-9999,-9999,-9999,-9999,0.12126633024911
662,"LCA","Saint Lucia",-9999,-9999,-9999,-9999,-9999,-9999,-9999,-9999,-9999,-9999,-9999,-9999,-9999,-9999,-9999,-9999,-9999,-9999,-9999,-9999,-9999,-9999,-9999,-9999,-9999,-9999,-9999,-9999,-9999,-9999,-9999,0.09302389739985
670,"VCT","Saint Vincent and the Grenadines",-9999,-9999,-9999,-9999,-9999,-9999,-9999,-9999,-9999,-9999,-9999,-9999,-9999,-9999,-9999,-9999,-9999,-9999,-9999,-9999,-9999,-9999,-9999,-9999,-9999,-9999,-9999,-9999,-9999,-9999,-9999,0.0870478127150963
882,"WSM","Samoa",-9999,-9999,-9999,-9999,-9999,-9999,-9999,-9999,-9999,-9999,-9999,-9999,-9999,-9999,-9999,-9999,-9999,-9999,-9999,-9999,-9999,-9999,-9999,-9999,-9999,-9999,-9999,-9999,-9999,-9999,-9999,0.0478895074637665
674,"SMR","San Marino",-9999,-9999,-9999,-9999,-9999,-9999,-9999,-9999,-9999,-9999,-9999,-9999,-9999,-9999,-9999,-9999,-9999,-9999,-9999,-9999,-9999,-9999,-9999,-9999,-9999,-9999,-9999,-9999,-9999,-9999,-9999,0.253485928119597
678,"STP","Sao Tome and Principe",-9999,-9999,-9999,-9999,-9999,-9999,-9999,-9999,-9999,-9999,-9999,-9999,-9999,-9999,-9999,-9999,-9999,-9999,-9999,-9999,-9999,-9999,-9999,-9999,-9999,-9999,-9999,-9999,-9999,-9999,-9999,0.0646455048709897
682,"SAU","Saudi Arabia",-9999,-9999,-9999,-9999,-9999,-9999,-9999,-9999,-9999,-9999,-9999,-9999,-9999,-9999,-9999,-9999,-9999,-9999,-9999,-9999,-9999,-9999,-9999,-9999,0.25,-9999,-9999,-9999,-9999,-9999,-9999,0.25
686,"SEN","Senegal",-9999,-9999,-9999,-9999,-9999,-9999,-9999,-9999,-9999,-9999,-9999,-9999,-9999,-9999,-9999,-9999,-9999,-9999,-9999,-9999,-9999,-9999,-9999,-9999,0.05,-9999,-9999,-9999,-9999,-9999,-9999,0.05
688,"SRB","Serbia",-9999,-9999,-9999,-9999,-9999,-9999,-9999,-9999,-9999,-9999,-9999,-9999,-9999,0.264,0.264,0.236,0.259,0.297,0.268,0.276,0.239,0.235,0.211,0.218,0.232,0.185,0.193,0.187,0.148,-9999,-9999,0.148
690,"SYC","Seychelles",-9999,-9999,-9999,-9999,-9999,-9999,-9999,-9999,-9999,-9999,-9999,-9999,-9999,-9999,-9999,-9999,-9999,-9999,-9999,-9999,-9999,-9999,-9999,-9999,-9999,-9999,-9999,-9999,-9999,-9999,-9999,0.137169858006634
694,"SLE","Sierra Leone",-9999,-9999,-9999,-9999,-9999,-9999,-9999,-9999,-9999,-9999,-9999,-9999,-9999,-9999,-9999,-9999,-9999,-9999,-9999,-9999,-9999,-9999,-9999,-9999,0,-9999,-9999,-9999,-9999,-9999,-9999,0
702,"SGP","Singapore",-9999,-9999,-9999,1,-9999,-9999,-9999,-9999,1,1,1,1,1,1,1,1,-9999,-9999,-9999,-9999,-9999,-9999,-9999,-9999,-9999,-9999,-9999,-9999,-9999,-9999,-9999,1
534,"SXM","Sint Maarten",-9999,-9999,-9999,-9999,-9999,-9999,-9999,-9999,-9999,-9999,-9999,-9999,-9999,-9999,-9999,-9999,-9999,-9999,-9999,-9999,-9999,-9999,-9999,-9999,-9999,-9999,-9999,-9999,-9999,-9999,-9999,0.136208879249669
703,"SVK","Slovakia",-9999,-9999,-9999,-9999,-9999,-9999,-9999,-9999,-9999,-9999,-9999,-9999,-9999,-9999,-9999,-9999,-9999,-9999,-9999,-9999,-9999,-9999,-9999,-9999,0.65,-9999,-9999,-9999,-9999,-9999,-9999,0.65
705,"SVN","Slovenia",-9999,-9999,-9999,-9999,-9999,-9999,-9999,-9999,-9999,-9999,-9999,-9999,-9999,-9999,-9999,-9999,-9999,-9999,-9999,-9999,-9999,-9999,-9999,-9999,0.96,-9999,-9999,-9999,-9999,-9999,-9999,0.96
90,"SLB","Solomon Islands",-9999,-9999,-9999,-9999,-9999,-9999,-9999,-9999,-9999,-9999,-9999,-9999,-9999,-9999,-9999,-9999,-9999,-9999,-9999,-9999,0,-9999,-9999,-9999,-9999,-9999,-9999,-9999,-9999,-9999,-9999,0
706,"SOM","Somalia",-8888,-8888,-8888,-8888,-8888,-8888,-8888,-8888,-8888,-8888,-8888,-8888,-8888,-8888,-8888,-8888,-8888,-8888,-8888,-8888,-8888,-8888,-8888,-8888,-8888,-8888,-8888,-8888,-8888,-8888,-8888,-8888
710,"ZAF","South Africa",-9999,-9999,-9999,-9999,-9999,-9999,-9999,-9999,-9999,-9999,-9999,-9999,-9999,-9999,-9999,-9999,-9999,-9999,-9999,-9999,-9999,-9999,-9999,-9999,0.38,-9999,-9999,-9999,-9999,-9999,-9999,0.38
410,"KOR","South Korea",-9999,-9999,-9999,-9999,-9999,-9999,-9999,-9999,-9999,-9999,-9999,-9999,-9999,-9999,-9999,-9999,-9999,-9999,-9999,-9999,-9999,-9999,-9999,-9999,0.837,-9999,-9999,-9999,-9999,-9999,-9999,0.837
728,"SSD","South Sudan",-8888,-8888,-8888,-8888,-8888,-8888,-8888,-8888,-8888,-8888,-8888,-8888,-8888,-8888,-8888,-8888,-8888,-8888,-8888,-8888,-8888,-8888,-8888,-8888,-8888,-8888,-8888,-8888,-8888,-8888,-8888,-8888
724,"ESP","Spain",-9999,-9999,-9999,-9999,-9999,-9999,-9999,-9999,-9999,-9999,-9999,-9999,-9999,-9999,-9999,-9999,-9999,-9999,-9999,-9999,-9999,-9999,-9999,-9999,0.93,-9999,-9999,-9999,-9999,-9999,-9999,0.93
144,"LKA","Sri Lanka",-9999,-9999,-9999,-9999,-9999,-9999,-9999,-9999,-9999,-9999,-9999,-9999,-9999,-9999,-9999,-9999,-9999,-9999,-9999,-9999,-9999,-9999,-9999,-9999,0,-9999,-9999,-9999,-9999,-9999,-9999,0
275,"PSE","State of Palestine",-9999,-9999,-9999,-9999,-9999,-9999,-9999,-9999,-9999,-9999,-9999,-9999,-9999,-9999,-9999,-9999,-9999,-9999,-9999,-9999,-9999,-9999,-9999,-9999,-9999,-9999,-9999,-9999,-9999,-9999,-9999,0.086528116153189
729,"SDN","Sudan",-9999,-9999,-9999,-9999,-9999,-9999,-9999,-9999,-9999,-9999,-9999,-9999,-9999,-9999,-9999,-9999,-9999,-9999,-9999,-9999,-9999,-9999,-9999,-9999,0,-9999,-9999,-9999,-9999,-9999,-9999,0
740,"SUR","Suriname",-9999,-9999,-9999,-9999,-9999,-9999,-9999,-9999,-9999,-9999,-9999,-9999,-9999,0.01,-9999,-9999,-9999,-9999,-9999,-9999,-9999,-9999,-9999,-9999,-9999,-9999,-9999,-9999,-9999,-9999,-9999,0.01
752,"SWE","Sweden",-9999,-9999,-9999,-9999,-9999,-9999,-9999,-9999,-9999,-9999,-9999,-9999,-9999,-9999,-9999,-9999,-9999,-9999,-9999,-9999,-9999,-9999,-9999,-9999,1,-9999,-9999,-9999,-9999,-9999,-9999,1
756,"CHE","Switzerland",-9999,-9999,-9999,-9999,-9999,-9999,-9999,-9999,-9999,-9999,-9999,-9999,-9999,-9999,-9999,-9999,-9999,-9999,-9999,-9999,-9999,-9999,-9999,-9999,0.97,-9999,-9999,-9999,-9999,-9999,-9999,0.97
760,"SYR","Syria",-9999,-9999,-9999,-9999,-9999,-9999,-9999,-9999,-9999,-9999,-9999,-9999,-9999,-9999,-9999,-9999,-9999,-9999,-9999,-9999,-9999,-9999,-9999,-9999,0.5,-9999,-9999,-9999,-9999,-9999,-9999,0.5
158,"TWN","Taiwan",-9999,-9999,-9999,-9999,-9999,-9999,-9999,-9999,-9999,-9999,-9999,-9999,-9999,-9999,-9999,-9999,-9999,-9999,-9999,-9999,-9999,-9999,-9999,-9999,0.162,-9999,-9999,-9999,-9999,-9999,-9999,0.162
762,"TJK","Tajikistan",-9999,-9999,-9999,-9999,-9999,-9999,-9999,-9999,-9999,-9999,-9999,-9999,-9999,-9999,-9999,-9999,-9999,-9999,-9999,-9999,-9999,-9999,-9999,-9999,0.05,-9999,-9999,-9999,-9999,-9999,-9999,0.05
834,"TZA","Tanzania",-9999,-9999,-9999,-9999,-9999,-9999,-9999,-9999,-9999,-9999,-9999,-9999,-9999,-9999,-9999,-9999,-9999,-9999,-9999,-9999,-9999,-9999,-9999,-9999,0.08,-9999,-9999,-9999,-9999,-9999,-9999,0.08
764,"THA","Thailand",-9999,-9999,-9999,-9999,-9999,-9999,-9999,-9999,-9999,-9999,-9999,-9999,-9999,-9999,-9999,-9999,-9999,-9999,-9999,-9999,-9999,-9999,-9999,-9999,-9999,-9999,-9999,-9999,0.221,-9999,-9999,0.221
626,"TLS","Timor-Leste",-9999,-9999,-9999,-9999,-9999,-9999,-9999,-9999,-9999,-9999,-9999,-9999,-9999,-9999,-9999,-9999,-9999,-9999,-9999,-9999,-9999,0.05,-9999,-9999,-9999,-9999,-9999,-9999,-9999,-9999,-9999,0.05
768,"TGO","Togo",-9999,-9999,-9999,-9999,-9999,-9999,-9999,-9999,-9999,-9999,-9999,-9999,-9999,-9999,-9999,-9999,-9999,-9999,-9999,-9999,-9999,-9999,-9999,-9999,0,-9999,-9999,-9999,-9999,-9999,-9999,0
776,"TON","Tonga",-9999,-9999,-9999,-9999,-9999,-9999,-9999,-9999,-9999,-9999,-9999,-9999,-9999,-9999,-9999,-9999,-9999,-9999,-9999,-9999,-9999,-9999,-9999,-9999,-9999,-9999,-9999,-9999,-9999,-9999,-9999,0.051129388143993
780,"TTO","Trinidad and Tobago",-9999,-9999,-9999,-9999,-9999,-9999,-9999,-9999,-9999,-9999,-9999,-9999,-9999,-9999,-9999,-9999,-9999,-9999,-9999,-9999,-9999,-9999,-9999,-9999,-9999,-9999,-9999,-9999,-9999,-9999,-9999,0.126835927589473
788,"TUN","Tunisia",-9999,-9999,-9999,-9999,-9999,-9999,-9999,-9999,-9999,-9999,-9999,-9999,-9999,-9999,-9999,-9999,-9999,-9999,-9999,-9999,-9999,-9999,-9999,-9999,0.8,-9999,-9999,-9999,-9999,-9999,-9999,0.8
792,"TUR","Turkey",-9999,-9999,-9999,-9999,-9999,-9999,-9999,-9999,-9999,-9999,-9999,-9999,-9999,-9999,-9999,-9999,-9999,-9999,-9999,-9999,-9999,-9999,-9999,-9999,0.43,-9999,-9999,-9999,-9999,-9999,-9999,0.43
795,"TKM","Turkmenistan",-9999,-9999,-9999,-9999,-9999,-9999,-9999,-9999,-9999,-9999,-9999,-9999,-9999,-9999,-9999,-9999,-9999,-9999,-9999,-9999,-9999,-9999,-9999,-9999,0.2,-9999,-9999,-9999,-9999,-9999,-9999,0.2
796,"TCA","Turks and Caicos Islands",-9999,-9999,-9999,-9999,-9999,-9999,-9999,-9999,-9999,-9999,-9999,-9999,-9999,-9999,-9999,-9999,-9999,-9999,-9999,-9999,-9999,-9999,-9999,-9999,-9999,-9999,-9999,-9999,-9999,-9999,-9999,0.102832420236137
798,"TUV","Tuvalu",-9999,-9999,-9999,-9999,-9999,-9999,-9999,-9999,-9999,-9999,-9999,-9999,-9999,-9999,-9999,-9999,-9999,-9999,-9999,-9999,-9999,-9999,-9999,-9999,-9999,-9999,-9999,-9999,-9999,-9999,-9999,0.0361251961001557
800,"UGA","Uganda",-9999,-9999,-9999,-9999,-9999,-9999,-9999,-9999,-9999,-9999,-9999,-9999,-9999,-9999,-9999,-9999,-9999,-9999,-9999,-9999,-9999,-9999,-9999,-9999,0.07,-9999,-9999,-9999,-9999,-9999,-9999,0.07
804,"UKR","Ukraine",-9999,-9999,-9999,-9999,-9999,-9999,-9999,-9999,-9999,-9999,-9999,-9999,-9999,-9999,-9999,-9999,-9999,-9999,-9999,-9999,-9999,-9999,-9999,-9999,0.217,-9999,-9999,-9999,-9999,-9999,-9999,0.217
784,"ARE","United Arab Emirates",-9999,-9999,-9999,-9999,-9999,-9999,-9999,-9999,-9999,-9999,-9999,-9999,-9999,-9999,-9999,-9999,-9999,-9999,-9999,-9999,-9999,-9999,-9999,-9999,0.945,0.965,0.987,0.973,0.981,-9999,-9999,0.981
826,"GBR","United Kingdom",-9999,-9999,-9999,-9999,-9999,-9999,-9999,-9999,-9999,-9999,-9999,-9999,-9999,-9999,-9999,-9999,-9999,-9999,-9999,-9999,-9999,-9999,-9999,-9999,0.99,-9999,-9999,-9999,-9999,-9999,-9999,0.99
840,"USA","United States of America",-9999,-9999,-9999,-9999,-9999,-9999,-9999,-9999,-9999,-9999,-9999,-9999,-9999,-9999,-9999,-9999,-9999,-9999,-9999,-9999,-9999,-9999,-9999,-9999,0.78,-9999,-9999,-9999,-9999,-9999,-9999,0.78
858,"URY","Uruguay",-9999,-9999,-9999,-9999,-9999,-9999,-9999,-9999,-9999,-9999,-9999,-9999,-9999,-9999,-9999,-9999,-9999,-9999,-9999,-9999,-9999,-9999,-9999,-9999,0.05,-9999,-9999,-9999,-9999,-9999,-9999,0.05
860,"UZB","Uzbekistan",-9999,-9999,-9999,-9999,-9999,-9999,-9999,-9999,-9999,-9999,-9999,-9999,-9999,-9999,-9999,-9999,-9999,-9999,-9999,-9999,-9999,-9999,-9999,-9999,0,-9999,-9999,-9999,-9999,-9999,-9999,0
548,"VUT","Vanuatu",-9999,-9999,-9999,-9999,-9999,-9999,-9999,-9999,-9999,-9999,-9999,-9999,-9999,-9999,-9999,-9999,-9999,-9999,-9999,-9999,-9999,-9999,-9999,-9999,-9999,-9999,-9999,-9999,-9999,-9999,-9999,0.0110441526956085
862,"VEN","Venezuela",-9999,-9999,-9999,-9999,-9999,-9999,-9999,-9999,-9999,-9999,-9999,-9999,-9999,-9999,-9999,-9999,-9999,-9999,-9999,-9999,-9999,-9999,-9999,-9999,0.27,-9999,-9999,-9999,-9999,-9999,-9999,0.27
704,"VNM","Viet Nam",-9999,-9999,-9999,-9999,-9999,-9999,-9999,-9999,-9999,-9999,-9999,-9999,-9999,-9999,-9999,-9999,-9999,-9999,-9999,-9999,-9999,-9999,-9999,-9999,0.1,-9999,-9999,-9999,-9999,-9999,-9999,0.1
876,"WLF","Wallis and Futuna Islands",-8888,-8888,-8888,-8888,-8888,-8888,-8888,-8888,-8888,-8888,-8888,-8888,-8888,-8888,-8888,-8888,-8888,-8888,-8888,-8888,-8888,-8888,-8888,-8888,-8888,-8888,-8888,-8888,-8888,-8888,-8888,-8888
732,"ESH","Western Sahara",-8888,-8888,-8888,-8888,-8888,-8888,-8888,-8888,-8888,-8888,-8888,-8888,-8888,-8888,-8888,-8888,-8888,-8888,-8888,-8888,-8888,-8888,-8888,-8888,-8888,-8888,-8888,-8888,-8888,-8888,-8888,-8888
887,"YEM","Yemen",-9999,-9999,-9999,-9999,-9999,-9999,-9999,-9999,-9999,-9999,-9999,-9999,-9999,-9999,-9999,-9999,-9999,-9999,-9999,-9999,-9999,-9999,-9999,-9999,0,-9999,-9999,-9999,-9999,-9999,-9999,0
894,"ZMB","Zambia",-9999,-9999,-9999,-9999,-9999,-9999,-9999,-9999,-9999,-9999,-9999,-9999,-9999,-9999,-9999,-9999,-9999,-9999,-9999,-9999,-9999,-9999,-9999,-9999,0.15,-9999,-9999,-9999,-9999,-9999,-9999,0.15
716,"ZWE","Zimbabwe",-9999,-9999,-9999,-9999,-9999,-9999,-9999,-9999,-9999,-9999,-9999,-9999,-9999,-9999,-9999,-9999,-9999,-9999,-9999,-9999,-9999,-9999,-9999,-9999,0,-9999,-9999,-9999,-9999,-9999,-9999,0
