iso,code,country,B.3.1.1,B.3.1.2,B.3.1.3,B.3.1.4,B.3.1.5,B.3.2.1,B.3.2.2,B.3.2.3,B.3.2.4,B.3.2.5,B.3.1.1...13,B.3.3.2,B.3.3.3,B.3.4.1,B.3.4.2,B.3.4.3,B.3.4.4,B.3.4.5,B.3.4.6,B.3.4.7,B.3.5.1,B.3.5.2,B.3.5.3
ABW,533,Aruba,NA,NA,NA,NA,NA,7.07036754,NA,NA,NA,NA,NA,NA,NA,NA,NA,NA,NA,NA,NA,NA,NA,NA,NA
AFG,4,Afghanistan,56.91080835,62,54.1,NA,100,NA,95,60.9,100,0,56.91080835,72.43421885,1299.037244,7.65067636,7.3,0,0,0,98.155,NA,5,90.7,57.7
AGO,24,Angola,32.38850491,36.4,42.9,32.33,60.3,0.125723662,31.2,49.3,63.5,0,32.38850491,56.88303903,4963.649817,7.930093878,17.8,5.2,0,0,83.043,NA,29.8,88.3,67.2
AIA,660,Anguilla,NA,NA,NA,NA,NA,NA,NA,NA,NA,NA,NA,NA,NA,NA,NA,NA,NA,NA,NA,NA,NA,NA,NA
ALB,8,Albania,18.20060252,29.2,38,118,58.3,4.861273115,41.1,70.2,54.4,0.011829701,18.20060252,94.75822287,9361.54604,66.58507621,34.6,100,100,2.7,68.901,NA,38.6,82.1,39.6
AND,20,Andorra,10.30762139,0.2,48,NA,NA,NA,NA,NA,NA,NA,10.30762139,100,4098.860995,NA,NA,NA,NA,NA,NA,NA,NA,NA,NA
ARE,784,United Arab Emirates,40.91750982,0,56.3,118,0,4.813372718,NA,100,100,0,40.91750982,99.968463,15.81076663,745.3496454,100,100,66.7,76.8,36.283,NA,8.9,81.3,76.8
ARG,32,Argentina,13.31183395,2.7,35.6,60,29.8,0.892866497,27.6,47.3,44.5,0.037822323,13.31183395,NA,6629.611829,48.23673622,60.9,67.3,51.3,5.9,56.588,NA,16.2,69.4,58.9
ARM,51,Armenia,32.52811834,3,54.4,98.17,60.3,NA,82.4,45.8,100,0.862419524,32.52811834,99.96873221,2329.199138,202.7363106,57,50.6,43,8.8,75.858,NA,19,92.4,48
ATG,28,Antigua and Barbuda,18.62234285,1.3,17.6,118,35.2,13.2094889,35.4,39.8,100,0,18.62234285,NA,544.9305737,3.225,69.8,28.2,45,1.3,NA,NA,53.8,NA,34
AUS,36,Australia,8.550324401,0.4,29.4,28,0,0.600587901,24.5,44,72.9,1.259418077,8.550324401,99.96985563,19998.48792,85.87009363,98.8,92.4,88.2,92.7,7.815,0.832,40.4,87.3,73.4
AUT,40,Austria,12.47796673,0.4,47.6,56.83,23,NA,32.5,69.9,57.3,0.002680967,12.47796673,99.99999727,6251.729171,135.0578307,96.4,100,100,94,20.163,0.654,63.7,84.7,54.7
AZE,31,Azerbaijan,19.92866362,7.1,48.5,118,40.3,NA,80.2,65.2,100,0.003670521,19.92866362,95.41371728,823.5206844,60.67989895,40.7,100,100,3.8,66.682,NA,11.7,96,44.4
BDI,108,Burundi,38.89626795,98.9,45.8,61.83,100,NA,32.7,66.5,39.2,0,38.89626795,62.09432063,929.1577268,23.780925,7.4,45.2,46.2,0,98.893,NA,25.3,90.7,48.5
BEL,56,Belgium,12.88651847,0.2,40.1,66,19.6,7.691376838,29,73.7,53.9,0,12.88651847,99.99999974,1054.930402,293.4268824,100,100,100,67.9,13.262,0.509,56.2,74.4,43.8
BEN,204,Benin,38.99995876,92.1,52.3,118,85.7,0.995495438,20.4,20.8,100,0,38.99995876,65.29850262,921.6843881,36.63401071,9,43.5,23.3,0,97.399,NA,46,86.4,50.2
BFA,854,Burkina Faso,42.93559251,94.3,46.8,118,79.7,NA,100,65.7,43.9,0.126212369,42.93559251,47.78959053,651.271104,17.57213667,6.2,47.7,33.5,0,98.112,NA,35.1,85.6,53
BGD,50,Bangladesh,60.84578458,75.9,64.6,23.5,89.7,9.636463045,20.3,47.3,44.5,0,60.84578458,97.58742193,657.5428072,318.4668631,16,4.8,25.7,0,95.738,NA,4.7,92.7,44.7
BGR,100,Bulgaria,19.14913234,19.7,40.5,101,29.8,0.204312854,41,51.8,38.9,0.052179955,19.14913234,99.04696233,2967.800635,126.8700403,38.2,100,100,13.9,50.464,NA,37,83.6,44.8
BHR,48,Bahrain,70.81620768,0.7,64,118,0,33.97279383,NA,NA,100,0,70.81620768,100,2.677238188,1990.53125,77.4,95.1,91.1,86.9,32.554,NA,2,NA,69.7
BHS,44,Bahamas,17.36772049,2,36.4,6.5,29.9,52.90280518,25.4,98,76.1,0,17.36772049,98.8869605,1833.665576,188.2675,67.5,18.7,17.4,1.4,NA,NA,51.7,99.4,62.3
BIH,70,Bosnia and Herzegovina,27.74766896,38,45.6,57.83,28.6,0.128200576,54.3,47.3,43,0.082326833,27.74766896,96.12369889,10592.16466,84.7627794,33.5,64.8,91.3,1.1,67.408,NA,41.8,88.3,49
BLM,652,Saint Barthelemy,NA,NA,NA,NA,NA,NA,NA,NA,NA,NA,NA,100,NA,NA,NA,NA,NA,NA,NA,NA,NA,NA,NA
BLR,112,Belarus,18.76557991,0.8,37,118,19,0,24.1,68.8,54.9,0,18.76557991,96.52321031,3579.601493,156.1857493,70.6,100,60.8,7.2,60.815,NA,27.5,91.3,55.1
BLZ,84,Belize,23.01189211,12.9,38.3,118,63.2,6.053948409,21.4,39.4,44.2,0,23.01189211,98.40054945,40609.40723,238.6815556,37.1,22.7,0,0.6,75.79,NA,98.6,35.9,57.2
BMU,60,Bermuda,11.64635919,4.6,46.3,NA,NA,11.88370384,NA,NA,NA,0,11.64635919,99.90314002,NA,214.9333333,NA,NA,NA,NA,NA,NA,NA,NA,NA
BOL,68,Bolivia,21.5689866,20.9,40.1,19.67,26.3,NA,28.2,47.6,43.6,0.267596145,21.5689866,92.82597527,27115.51738,6.658040179,28.4,38.1,14.6,3.5,85.524,NA,50.5,75,65.8
BRA,76,Brazil,12.70662947,8.7,39.7,33.67,43.6,0.607906215,24.6,65.5,49.6,0.277707819,12.70662947,98.93554441,27238.10718,304.6585157,42.3,65.4,42.5,49.3,57.026,NA,51.8,45.4,63.1
BRB,52,Barbados,23.0801758,0.1,17.6,118,45.7,0.715679583,39.5,21.9,9.6,0,23.0801758,98.51445042,279.4964871,77.98857143,96.5,29.2,77.3,1.1,46.318,NA,50.4,NA,39.2
BRN,96,Brunei Darussalam,5.903065468,1.1,28.1,118,0,0.381050512,34.4,NA,NA,0,5.903065468,99.9000346,20024.45339,141.8,75.8,9.5,74,6,16.202,NA,12.7,NA,58.8
BTN,64,Bhutan,37.9265032,36.6,57.3,118,61.1,NA,56.4,88.1,100,0.021482058,37.9265032,97.28612149,104618.9256,35.9756383,18.6,31.7,4.7,0,83.519,NA,50.7,96.6,52.3
BWA,72,Botswana,23.09438618,39.2,41.6,99.83,30.5,NA,68.9,49.5,34,0.077042446,23.09438618,92.08256589,1088.39786,89.57241911,20.8,95.8,44.2,1,66.858,NA,70.7,96,72.5
CAF,140,Central African Republic,56.82849738,99.8,53.4,67.5,44.7,NA,48.6,95.9,42.7,0,56.82849738,38.2122672,30678.69765,0.186766667,2.8,55.7,47.9,0,98.785,NA,34.1,98.5,65.5
CAN,124,Canada,6.428383133,0.1,37.4,65.67,2.7,1.738276447,26.7,60.2,61.7,0.041052395,6.428383133,99.22164984,77985.41509,111.8205082,100,100,100,67.4,14.107,NA,28.8,81.2,82.4
CHE,756,Switzerland,10.3031001,0.1,48.3,85.5,41.5,0,46.1,65.6,31.6,0,10.3031001,100,4780.024231,187.792803,100,100,100,96.7,0.382,0.918,69.6,85.8,52.9
CHL,152,Chile,21.03629906,6.1,35,33,39.2,0.505208634,25.2,55.7,41.9,0.986111965,21.03629906,99.99999614,47914.41025,307.604427,59.5,50.5,18.7,71.9,58.227,1.188,31.9,88.3,68.4
CHN,156,China,52.66459583,36.1,48.9,42.83,27.7,1.165879632,32.6,56.1,43.7,0.146426117,52.66459583,93.81326727,2029.003278,393.2154566,33,75.8,41.5,9.4,69.811,NA,20.2,72.2,57.6
CIV,384,Cote d'Ivoire,25.88626634,NA,NA,111.67,91.7,0.160747994,11.8,46.3,55.2,0.019591247,25.88626634,70.9427311,3144.351043,30.87347429,10.6,40.4,23.3,0.6,95.957,NA,45.1,32.3,49.6
CMR,120,Cameroon,72.79309622,72.5,49.7,67.33,80.7,0.036655692,30.3,47.8,35.8,0,72.79309622,65.38663281,11112.88863,12.9503129,14.7,39.1,40.4,0,96.416,NA,27.4,85.3,63.1
COD,180,Dem. Rep. Congo,44.9092636,93,47.4,58.67,100,0.021736792,25.2,49.2,51.5,2.347988138,44.9092636,45.29617589,11056.67881,1.270824576,9.8,45.4,50.2,0,NA,NA,27.7,78,74
COG,178,Republic of Congo,46.63822028,NA,NA,NA,68.8,0.012044516,36.2,28.3,36.2,0,46.63822028,73.59587316,43438.26806,2.350327273,18.7,0,0,0.3,83.691,NA,27.6,93.3,73.3
COK,184,Cook Islands,NA,NA,NA,NA,NA,NA,NA,NA,NA,NA,NA,99.97161022,NA,NA,NA,NA,NA,NA,NA,NA,NA,NA,NA
COL,170,Colombia,16.52721022,9.4,31.1,36.33,57.2,0.584928396,33.3,62,66.6,0.054473366,16.52721022,97.31682988,43856.20204,182.4362415,46,58.5,46.4,25.6,73.807,NA,52.2,68.9,56.4
COM,174,Comoros,20.5468246,78.7,31.9,25.33,100,0.805796199,32.1,100,NA,0,20.5468246,80.21049781,1474.400718,NA,11.5,47.4,41.6,0.1,NA,NA,14.1,NA,35.6
CPV,132,Cabo Verde,34.7787001,19.1,39.2,NA,77.3,3.551398449,NA,87.4,100,0,34.7787001,NA,558.1405733,NA,30.3,44.7,25.6,20.9,79.725,NA,2.1,NA,45.2
CRI,188,Costa Rica,15.7259203,6.1,34,118,63.3,0.585764913,34.3,58.3,33.9,0,15.7259203,99.79752731,22828.49036,641.8411485,54,55.1,12.1,9.7,57.863,NA,56.2,72.8,43.4
CUB,192,Cuba,19.7060474,1.7,34.5,NA,48.4,8.486184035,21.3,65.5,55.2,NA,19.7060474,96.77613323,3361.772885,38.63482431,63.1,62.5,89.6,3.6,NA,NA,33.5,95.7,50.1
CUW,531,Curacao,NA,NA,NA,NA,NA,NA,NA,NA,NA,0,NA,NA,NA,NA,NA,NA,NA,NA,NA,NA,NA,NA,NA
CYM,136,Cayman Islands,NA,NA,NA,NA,NA,11.74326666,NA,NA,NA,NA,NA,NA,NA,NA,NA,NA,NA,NA,NA,NA,NA,NA,NA
CYP,196,Cyprus,17.2944062,0.2,51.8,118,31.2,1.672016061,37.7,54.9,38.8,0.000144717,17.2944062,99.76519248,661.1934542,157.710687,97.7,100,83.1,50,28.773,NA,14.6,NA,36.4
CZE,203,Czech Republic,16.07124535,1.6,46.6,NA,20.4,NA,24,75.6,26.8,0,16.07124535,99.88047032,1241.217326,174.3607085,74.5,100,100,60.8,33.455,0.628,49.4,87,48.9
DEU,276,Germany,12.02876736,0.1,42.1,61.33,23.2,4.458668341,38.2,65.4,40.2,0.013722525,12.02876736,100,1294.506181,166.4811184,100,91.9,100,97,17.73,0.549,56.4,86.1,45.6
DJI,262,Djibouti,45.5496176,15.7,45,73,74.8,0.71924231,NA,47.8,100,0,45.5496176,75.99574579,317.7629488,NA,25,70,41,0,96.403,NA,7.6,90.9,64.3
DMA,212,Dominica,19.49315376,9.2,21,77.67,63.5,0.838645036,0,100,NA,0,19.49315376,NA,2798.768542,21.88,45.7,42.3,52.3,1,NA,NA,75.2,NA,44.3
DNK,208,Denmark,10.02965344,0.2,38.6,75.5,31.8,14.45047691,26.2,72.7,60.6,0,10.02965344,100,1040.766837,108.1105644,100,100,100,100,4.755,1.1,34.9,93.4,44.5
DOM,214,Dominican Republic,13.72632115,8.3,34,118,59.1,1.742664739,23.7,63.4,43,0.118806248,13.72632115,96.61749289,2235.304088,196.5582896,37.8,85.7,72.9,5.8,73.197,NA,39.6,64.6,44.1
DZA,12,Algeria,38.8840107,0.3,54.3,105.17,44.6,0.025005944,17.3,69.2,100,0.001711898,38.8840107,94.23913956,271.8102081,20.74612223,78.9,100,23.5,33.1,70.356,NA,7.1,80.7,75.4
ECU,218,Ecuador,14.88610066,6,32.8,103.83,55.9,1.50710449,38.6,36.2,34.4,0,14.88610066,95.01122298,26356.30725,386.8243285,50,25.2,31.6,0,76.219,NA,47.4,74.3,48.9
EGY,818,Egypt,86.99945205,0.1,52.3,102,60.4,1.622988267,61.1,100,50.6,0.001136347,86.99945205,99.38324098,10.36886297,569.1232417,85,54.3,58.4,42,75.519,NA,10.6,97,77.1
ERI,232,Eritrea,48.03019868,67.9,43.8,118,95,1.205559922,100,42.9,100,NA,48.03019868,NA,820.4180968,6.799724638,10.3,64.2,49.9,0,NA,NA,10.7,97.3,59.6
ESH,732,Western Sahara,NA,NA,NA,NA,NA,NA,NA,NA,NA,NA,NA,NA,NA,NA,NA,NA,NA,NA,NA,NA,NA,NA,NA
ESP,724,Spain,9.697927863,1,47.9,42.83,35.5,0.821902232,21.9,56.9,35.5,0.011841114,9.697927863,99.92583814,2386.612512,157.6985254,81.3,100,100,91.5,19.21,0.835,46.7,90.1,40.8
EST,233,Estonia,6.732124015,10.3,36,75.67,5.7,1.808930466,17.1,63.1,77.7,0,6.732124015,99.59078178,9647.908279,87.74563953,60.2,100,93.3,69.6,44.734,0.779,31.3,78.2,60.5
ETH,231,Ethiopia,38.97873776,96.3,44.3,69.33,83.5,0,40.5,53,60.3,0,38.97873776,48.13405283,1146.617339,36.20321431,10.5,26.1,21.2,0,98.382,NA,26.1,95.5,56.7
FIN,246,Finland,5.861331001,0.3,33.2,97.83,18.7,0.528235978,18.4,49,35,0.045083009,5.861331001,100,19425.5343,91.61942959,100,100,86.2,100,15.803,0.871,26.4,61.6,75.8
FJI,242,Fiji,10.8401599,28.3,27.2,73,61.2,3.09994895,38.1,NA,NA,0,10.8401599,94.25580388,32537.09571,38.20793939,22.6,100,6.5,3.9,74.82,NA,6.1,88.6,72.1
FLK,238,Falkland Islands,NA,NA,NA,NA,NA,NA,NA,NA,NA,NA,NA,95.217253,NA,NA,NA,NA,NA,NA,NA,NA,NA,NA,NA
FRA,250,France,11.81496362,0.2,43.1,52.5,36.7,1.647373804,33.6,70.6,45,0,11.81496362,100,2988.731585,172.6799033,100,100,100,88,10.927,0.809,50.2,88.6,43.8
FRO,234,Faeroe Islands,NA,NA,NA,NA,NA,7.702458211,NA,NA,NA,NA,NA,100,NA,NA,NA,NA,NA,NA,NA,NA,NA,NA,NA
FSM,583,Micronesia,11.28339944,27.5,14.9,118,72,7.165460626,100,NA,NA,NA,11.28339944,88.30815668,NA,NA,17.4,92.5,25,0.1,NA,NA,3,NA,51.7
GAB,266,Gabon,44.38554846,8.2,36,118,49.3,0.322701521,44.7,42.8,45.2,0,44.38554846,85.18376799,79426.11724,45.02498462,42.2,91,89.4,0,63.665,NA,30.7,96.6,71.5
GBR,826,United Kingdom,10.47269039,0.1,32,90.83,35.1,4.238566763,24,72.8,60.6,0,10.47269039,99.99999711,2195.012178,245.6197779,100,100,100,98.5,0,0.705,50.7,92.1,44.7
GEO,268,Georgia,22.19605462,34.1,49.3,93.17,59.5,1.284809797,81.5,51.6,41.6,0,22.19605462,97.22220142,15592.79443,154.0359164,29.3,0,1.8,46.6,69.648,NA,28.8,95.4,47.4
GGY,831,Guernsey,NA,NA,NA,NA,NA,NA,NA,NA,NA,NA,NA,NA,NA,NA,NA,NA,NA,NA,NA,NA,NA,NA,NA
GHA,288,Ghana,34.7135141,70.2,49.3,53.33,89.9,0.562210066,13.7,43.8,17,0.002035659,34.7135141,84.65946329,1040.469669,29.44680851,17.8,45.1,17.8,0,93.335,NA,38.8,84.5,48.4
GIN,324,Guinea,26.0624902,97.5,45.5,99.17,72.7,0.939142015,9.4,9.4,50.4,0,26.0624902,63.92485202,18727.96357,3.151151613,6.1,18.3,41.6,0,97.438,NA,18.3,83.1,50.5
GMB,270,Gambia,33.98263855,95.3,43.7,53.17,93.8,16.77800128,40.7,33.7,55.6,0,33.98263855,80.59738626,1355.074755,8.037159091,10.5,55.9,51.8,0.1,95.605,NA,30.1,90.1,47.5
GNB,624,Guinea-Bissau,29.77470228,97.7,44,118,85.1,6.524519474,16,54.6,100,0,29.77470228,58.99494945,8752.036216,NA,6.4,63.7,48.5,0,NA,NA,28.7,69.4,51.3
GNQ,226,Equatorial Guinea,53.24062104,24.6,42.4,NA,24.7,0.251076091,30.7,100,21.3,0,53.24062104,NA,20602.0881,NA,32.8,77.8,74.9,1.2,NA,NA,35.7,82.1,63.1
GRC,300,Greece,16.21826638,0.6,46.5,45,27.4,3.060864498,42.8,62.9,44.1,0.021024652,16.21826638,100,5393.001502,133.2617804,84,85.8,72.1,81.7,28.15,1.139,32.1,89.7,37.2
GRD,308,Grenada,22.72268748,2.6,28.9,118,63.4,1.832331562,40.2,49.5,100,0,22.72268748,NA,1803.849415,NA,54.2,35.9,44.1,0.9,NA,NA,67.1,NA,42.9
GRL,304,Greenland,11.60217946,1.9,36.5,NA,NA,10.13942715,NA,NA,NA,NA,11.60217946,99.99999832,NA,NA,NA,NA,NA,NA,NA,NA,NA,NA,NA
GTM,320,Guatemala,24.07064893,47.4,35.1,65.67,76.9,0.392207128,18,39.6,26.7,0.189672721,24.07064893,93.62464631,6787.913387,358.2671462,21.7,69.6,20.1,6.8,82.481,NA,53.4,0,49.4
GUY,328,Guyana,22.37557463,5.4,22.8,118,42.7,2.375600858,50.6,85.8,49.7,0,22.37557463,95.54891932,310880.2943,62.10992857,39.1,23.4,33.8,0,73.674,NA,78.2,94.5,69.2
HKG,344,Hong Kong,NA,NA,NA,NA,NA,10.05107468,NA,NA,NA,0,NA,100,NA,3573.91,NA,NA,NA,NA,NA,NA,NA,NA,NA
HND,340,Honduras,20.62885065,49,36.4,73.33,74.8,2.026348052,16.9,58.5,61.4,0.000277815,20.62885065,95.21553108,9615.001184,184.1489216,19.4,65.4,56.4,3.1,89.755,NA,52.4,24.2,49.3
HRV,191,Croatia,17.90177229,6,48.8,75.17,38.9,1.006021864,39,49.3,55.6,0,17.90177229,NA,9140.433179,220.9950249,58.3,100,81.7,51.7,49.837,NA,44.5,88.9,42.6
HTI,332,Haiti,15.01982438,89.9,39,58.33,86.4,1.595681828,22.8,67.9,46.4,0,15.01982438,66.32098695,1184.626229,NA,7.8,36.9,10.6,0,NA,NA,30.9,44.1,41
HUN,348,Hungary,15.92604819,19.3,43.7,85.83,35.8,NA,24.7,76.1,43.4,0,15.92604819,100,612.997634,150.6769195,43.7,93.8,100,53.8,42.425,0.661,30.8,88.5,37.1
IDN,360,Indonesia,16.5026533,33.9,37.6,24.83,58.5,2.778554674,19,43.8,NA,0.130424513,16.5026533,91.64729028,7628.915955,236.4423133,23.3,68.3,12.6,0,74.85,NA,20.2,46.8,66.2
IMN,833,Isle of Man,NA,NA,NA,NA,NA,1.948839739,NA,NA,NA,NA,NA,99.075,NA,NA,NA,NA,NA,NA,NA,NA,NA,NA,NA
IND,356,India,90.87321047,60.7,66.2,16.67,66.5,1.494053499,31.8,47.8,55,0.421030039,90.87321047,90.02869896,1080.171123,175.0153437,18.6,42.4,31.8,2.2,90.605,NA,8.7,85.9,46.3
IRL,372,Ireland,8.208576735,0.3,28,104.5,13.3,2.069538435,22.5,71.2,72.6,0.010535665,8.208576735,97.40257341,10192.64515,1544.889357,100,100,100,89.7,20.712,0.94,43.7,96.9,45
IRN,364,Iran,38.97876028,0.3,57.5,27,21.8,0.844881597,93.2,52.1,45.4,NA,38.97876028,97.35464541,1592.832615,47.53553823,82.8,99.6,62,3.7,60.163,NA,8.5,95.8,62.8
IRQ,368,Iraq,61.63623571,0.3,59.5,84.33,37,3.193463534,96.3,49.4,54.9,0,61.63623571,97.77878399,937.3471568,50.322722,75.7,7.2,21.1,19.5,70.318,NA,2.7,98.1,69.5
ISL,352,Iceland,6.481147263,0.2,35.3,88.83,8.4,2.246048775,NA,100,100,0,6.481147263,99.99999775,495049.505,136.2809917,100,11.6,77.3,15.6,8.991,1.372,47.8,100,81.3
ISR,376,Israel,21.38110224,0.2,52.4,108.83,26.7,0.410489234,37,45.3,100,0,21.38110224,99.99999857,86.07531016,240.6779661,100,95.7,100,81.7,38.494,1.434,12.2,76.8,51
ITA,380,Italy,16.75071194,0.4,54.1,43.5,36.6,3.876596966,35.8,71.7,41.9,0,16.75071194,99.91703407,3014.699725,130.5905102,90.4,87.8,75,58.8,25.742,0.619,41.1,89.1,39.4
JAM,388,Jamaica,13.40415053,10.1,39.6,118,59.3,3.598627098,34.4,49.2,35.9,0,13.40415053,90.99735041,3704.403653,65.84275,42.7,76.2,80.9,3,74.18,NA,39.3,53.5,42.8
JEY,832,Jersey,NA,NA,NA,NA,NA,NA,NA,NA,NA,NA,NA,NA,NA,NA,NA,NA,NA,NA,NA,NA,NA,NA,NA
JOR,400,Jordan,33.00608118,0.1,54.7,118,68.7,0.000608159,79.6,46,100,0,33.00608118,98.95398581,69.69253534,114.0447761,100,37.9,100,18.6,77.481,NA,10.9,92.1,68
JPN,392,Japan,11.70477819,0.3,45.7,14.5,23,3.435795752,42.9,19.6,41,0.026375543,11.70477819,99.07891245,3391.547083,253.7421535,100,56.4,99,75.3,13.481,0.735,28.3,68.6,56.9
KAZ,398,Kazakhstan,13.82428836,11.4,43.8,118,2.1,NA,69.5,49.9,67.7,1.2107951,13.82428836,95.42702725,3567.512979,8.262629251,40.7,100,50.4,28.6,61.524,NA,4.4,97.2,64.8
KEN,404,Kenya,28.57837427,86.7,39.1,33,84.3,0.240780521,27.8,53.2,68.9,0,28.57837427,60.95447666,412.1769742,15.6886569,13.9,42.1,31.5,0.5,96.399,NA,26.2,85.3,56.5
KGZ,417,Kyrgyzstan,22.73776806,24.4,54.8,NA,68.1,NA,93.6,47.1,NA,0.13057955,22.73776806,90.71696503,7894.227356,21.24611801,26.8,36.1,0,0.2,94.215,NA,20.6,93.4,58.7
KHM,116,Cambodia,25.61429187,78.7,39.2,75.83,73.8,2.695477988,13.8,51,80.8,0,25.61429187,70.79082652,7533.068202,34.27582971,11.2,41.4,49.4,0,95.953,NA,31,26.4,49.1
KIR,296,Kiribati,10.64085586,57.5,40.1,118,95.4,54.63695385,NA,NA,NA,0,10.64085586,77.17297337,NA,NA,6.5,80.1,19.8,0,NA,NA,0,NA,57
KNA,659,Saint Kitts and Nevis,NA,NA,NA,NA,NA,3.7516176,NA,NA,NA,0,NA,NA,461.219156,5.176,NA,NA,NA,NA,NA,NA,NA,NA,NA
KOR,410,South Korea,25.03942539,0.2,57.9,64,15.9,2.947424446,32.8,11.3,42.1,0.037251779,25.03942539,NA,1262.608784,369.7358443,100,100,100,76.8,33.18,0.422,16,78.6,54.2
KWT,414,Kuwait,60.74515954,0.2,62.1,118,0,8.181655022,NA,NA,48.4,NA,60.74515954,100,0,1059.48,98.7,91.1,72.2,43.1,32.923,NA,9.2,91.6,70.2
LAO,418,Laos,25.10953834,93.4,42.1,55.17,77.3,0,13.6,43,44.6,0.68867942,25.10953834,85.09982632,27383.74099,NA,9.4,40.3,2.4,0,90.343,NA,29.6,6.4,57.6
LBN,422,Lebanon,30.62111051,0.3,49.6,54.67,63.9,0.433024162,33.1,100,NA,0,30.62111051,92.6,703.877028,286.3648485,80.3,63.1,71.1,38.2,65.618,NA,13.5,84.6,34.2
LBR,430,Liberia,17.98411246,94.9,41.2,89.5,100,0.301642932,11.2,36.9,53.4,0,17.98411246,75.16022345,42533.0652,NA,11.4,48.9,16.6,0,NA,NA,17.2,42,57.2
LBY,434,Libya,54.25468179,0.4,53.4,73.67,NA,0.529163592,NA,NA,NA,0,54.25468179,99.8915238,106.3712908,9.841936047,NA,NA,NA,NA,NA,NA,NA,NA,NA
LCA,662,Saint Lucia,22.40081712,3.3,21.9,NA,60.5,1.561104212,47.9,NA,100,0,22.40081712,96.88750169,1657.870741,133.2233333,53.7,36.9,36.5,0.9,NA,NA,66.6,NA,46.8
LIE,438,Liechtenstein,NA,NA,NA,NA,NA,NA,NA,NA,NA,NA,NA,100,NA,NA,NA,NA,NA,NA,NA,NA,NA,NA,NA
LKA,144,Sri Lanka,11.09961724,61.4,40.7,41.83,80.2,2.134193,34.1,40.7,100,0,11.09961724,92.21602355,2462.227196,138.2963255,27.3,64.5,41.8,0,73.923,NA,41.6,72.8,46.1
LSO,426,Lesotho,28.02865352,55.2,42.7,64.67,70.5,NA,44,54,100,0,28.02865352,71.83413493,2500.559399,NA,10,43.3,44.7,0.3,95.996,NA,10.6,94.3,43.5
LTU,440,Lithuania,11.85328236,3.8,34.7,118,24.9,1.219360815,21.4,64.4,41.9,0,11.85328236,98.0014748,5465.98204,133.5167849,64.7,97.3,95.9,51.4,48.06,0.527,33.7,90.7,53.2
LUX,442,Luxembourg,10.3646374,0.2,42.7,72.83,7.3,0,30.7,100,NA,0,10.3646374,99.87670531,1676.906979,234.6813923,100,100,100,98.5,19.73,0.837,64.6,NA,48.5
LVA,428,Latvia,13.42645752,7.6,36.5,86.83,35.3,1.905865558,18.2,43.2,58.2,0,13.42645752,98.7313614,8721.852204,101.1528958,55.2,100,89.7,90.7,55.309,0.788,31.9,75.9,59.4
MAC,446,Macao,NA,NA,NA,NA,NA,37.49866585,NA,NA,NA,NA,NA,100,NA,NA,NA,NA,NA,NA,NA,NA,NA,NA,NA
MAR,504,Morocco,32.59354146,2.8,51.7,79.67,69.9,0.205398451,35.8,70.3,100,0.117175408,32.59354146,89.10411331,815.0358488,74.93452311,44.6,97,64,5.4,81.021,NA,45.8,80.7,51.1
MCO,492,Monaco,NA,NA,NA,NA,NA,25.25812405,NA,NA,NA,NA,NA,100,NA,NA,NA,NA,NA,NA,NA,NA,NA,NA,NA
MDA,498,Moldova,16.25103271,6.3,38.5,118,67.4,1.020387316,39.8,100,100,0,16.25103271,90.16619002,587.9880573,59.42118095,46.8,52.2,100,9,83.691,NA,14.5,80.6,40.2
MDG,450,Madagascar,22.54228288,98.4,35.1,40.33,89.4,0.748541989,9.2,70.2,55.5,0,22.54228288,52.48607297,13179.24386,12.58778,7.4,41.6,39.4,0,98.429,NA,17.4,0,46.7
MDV,462,Maldives,7.795820799,9.3,51.1,97.33,64.7,45.50767853,77,100,NA,0,7.795820799,99.52720566,60.43537645,114.974359,40.6,49.7,3.7,4.3,61.644,NA,10.4,NA,31.4
MEX,484,Mexico,20.92111579,13.1,43.2,59.5,39.3,2.16731636,29.8,68,46.9,0.109997824,20.92111579,99.47726394,3277.839116,102.9282535,39.5,65.5,77.2,31.6,59.27,0.935,21.2,67.7,57.1
MHL,584,Marshall Islands,10.24133222,25.9,12.2,118,64.5,43.81798241,NA,NA,NA,NA,10.24133222,88.60043819,NA,NA,16.9,100,1.1,0,NA,NA,13,NA,52.9
MKD,807,North Macedonia,29.72694451,NA,NA,NA,44.3,0,42,70.5,19.9,0.407663538,29.72694451,NA,2593.664925,60.84748804,34.5,100,100,0.9,67.086,NA,36.6,76.4,46.5
MLI,466,Mali,38.52660616,98.5,44.3,79.67,73,0,19.3,58.1,63.7,0.00125963,38.52660616,80.93188178,3241.065773,24.75230385,6.8,52,47.7,0,97.425,NA,11.4,97,67.9
MLT,470,Malta,13.90954337,0.2,54.4,67.33,35.6,2.734736378,100,100,NA,0,13.90954337,99.9999987,107.9062135,167.8467475,97.1,100,61.6,0,38.764,NA,14.1,NA,30.4
MMR,104,Myanmar,35.55745292,79.6,42.5,31.33,70.6,3.608969789,23.4,55.1,41.2,0.253557954,35.55745292,81.66030985,18788.92156,49.34833443,12.3,51.8,49.6,0,94.189,NA,16.7,67.9,54.8
MNE,499,Montenegro,20.78181355,39,47.1,78,34.2,NA,41.2,44.9,100,0.33767218,20.78181355,98.68140205,NA,246.7967391,34.8,88.1,82.4,8.4,54.979,NA,45.1,75.8,48.2
MNG,496,Mongolia,40.11284905,43.5,43.3,31.67,1.1,NA,38.6,71.4,68,3.362029933,40.11284905,84.53621267,11176.09805,31.76546633,22.8,25.5,44.4,3.3,78.575,NA,23.5,93.9,67.2
MOZ,508,Mozambique,21.29869546,96.1,36.7,2.67,86.6,1.340483109,22.5,45.2,39.3,0,21.29869546,60.87392755,3500.993944,6.71119469,7,74.9,33.3,0.2,98.558,NA,49,91,56.9
MRT,478,Mauritania,47.42299178,51.7,40.6,63,58.6,1.084070035,100,53.6,90.9,4.11223723,47.42299178,71.35840144,93.40159745,NA,19.8,55.1,43.4,0,95.004,NA,4.6,94.5,78
MUS,480,Mauritius,14.45782732,1.3,19.4,105.17,52.4,1.311377474,43.9,100,100,0,14.45782732,99.86626038,2175.369065,187.1136,63.3,50.9,47.5,2.5,57.627,NA,10.9,NA,32.7
MWI,454,Malawi,23.56592147,96.7,39.2,15.17,100,0,20.2,37.9,54.5,0.000521164,23.56592147,69.27961082,913.4025871,35.91796111,9.3,60.4,45.8,0,98.807,NA,41.1,92.8,50.7
MYS,458,Malaysia,16.03580871,0.8,38.5,87.33,23.7,1.327918026,12.7,14.8,NA,0.001026094,16.03580871,97.09036746,18646.72667,2106.450375,70.7,43.3,39,12.4,53.227,NA,14.6,0,57.1
NAM,516,Namibia,25.3587654,50.1,43.2,98.17,42.5,0.195345682,52.1,65.3,98.1,0.468731475,25.3587654,84.02217993,2563.864576,27.2643125,20.4,57.1,79.4,6.2,73.429,NA,78.9,86.4,72.7
NCL,540,New Caledonia,NA,NA,NA,NA,NA,2.912721692,NA,NA,NA,NA,NA,99.07196816,NA,248.9112228,NA,NA,NA,NA,NA,NA,NA,NA,NA
NER,562,Niger,94.05381768,98.6,47.7,18.17,81.9,NA,100,53.1,100,0,94.05381768,46.6766358,162.0191249,0.381653672,5.4,0,1.9,0,98.85,NA,25.6,89.8,73.8
NGA,566,Nigeria,71.79817438,77.4,52.6,70,80.9,0.448578879,20.6,38,59.4,0.0051684,71.79817438,75.83888335,1157.836436,19.73733088,11.7,73.6,59,0.2,90.918,NA,32.3,83.9,50.4
NIC,558,Nicaragua,17.61418045,44.1,34.6,58,65.2,3.007701258,15.7,54.9,64.1,0,17.61418045,81.61223828,24464.18808,58.23965426,24.1,96.5,64,0,90.292,NA,68.4,0,48.9
NIU,570,Niue,NA,NA,NA,NA,NA,NA,NA,NA,NA,NA,NA,97.01087618,NA,NA,NA,NA,NA,NA,NA,NA,NA,NA,NA
NLD,528,Netherlands,12.03440807,0.1,39.2,97.17,17,55.55545375,40.6,82.7,41.5,0,12.03440807,99.99999714,642.0996987,265.9480901,100,100,100,100,8.116,0.624,39,78,39.3
NOR,578,Norway,6.956519803,0.2,34.2,118,13.3,1.974102997,30.5,56,38,0,6.956519803,100,72390.05429,203.8196736,100,100,98.4,64.3,0,1.195,47.7,92.7,71.3
NPL,524,Nepal,99.73437372,67,67,20,85.5,NA,65.8,73.4,100,7.95E-06,99.73437372,89.63710487,7172.666048,86.88413682,14.1,39.2,49.5,0,96.867,NA,27.5,97.5,47.6
NRU,520,Nauru,NA,NA,NA,NA,NA,7.626450891,NA,NA,NA,0,NA,100,NA,NA,NA,NA,NA,NA,NA,NA,NA,NA,NA
NZL,554,New Zealand,5.956001129,0.4,30,66.33,5.5,0.947485319,24.9,60,56.6,0.011953927,5.956001129,99.9746635,67932.52451,1895.294175,97.6,100,74.7,79.9,18.502,NA,56.5,81.2,57.2
OMN,512,Oman,41.11523827,1,52,84.67,2.7,0.813482991,NA,100,34.1,0,41.11523827,91.88826494,300.0476218,316.7516306,70.8,100,19.9,13.4,33.219,NA,3.5,99.4,77.2
PAK,586,Pakistan,58.28241877,53,63.3,25,73.9,1.534015255,83.7,56.2,54.4,0.024089669,58.28241877,90.01254307,264.5423626,155.9926574,12.9,60.9,56.7,0.1,91.785,NA,9.4,85.6,56.2
PAN,591,Panama,11.40005433,10,35.3,108.33,56.6,1.681324326,33,45.1,24.2,0,11.40005433,94.16190293,33262.19866,57.10469027,47.3,72.4,59.9,23.1,60.382,NA,44.8,80.3,45.8
PER,604,Peru,24.78672805,19.4,34.9,56.33,59.4,0.321878305,35.6,55.5,43,0.575224155,24.78672805,92.57507195,52187.52054,125.4148089,40.4,69.1,12.9,46.4,73.906,NA,56.7,74.7,58.1
PHL,608,Philippines,18.06979891,48.1,24.4,26.67,74.1,2.631697455,28.1,100,NA,0.189110013,18.06979891,93.69155849,4554.404265,169.0010733,19.7,84.8,51.9,0.7,84.069,NA,23,42.6,48.5
PLW,585,Palau,NA,NA,NA,NA,NA,1.973126212,NA,NA,NA,0,NA,99.65818416,NA,NA,NA,NA,NA,NA,NA,NA,NA,NA,NA
PNG,598,Papua New Guinea,12.29441826,84.8,15.9,58.67,79,0.467637202,34,38.4,NA,0.534792914,12.29441826,44.56676215,94927.28049,145.3302333,4.8,75.2,41.1,0,96.249,NA,13.3,94.6,78.3
POL,616,Poland,20.87782222,14.2,43.3,80,20.6,1.169771807,23.9,65.8,45.7,0.074076742,20.87782222,99.96659232,1411.461372,177.6035971,49.7,100,79.3,60.9,50.811,0.593,48.3,92.5,48.9
PRK,408,North Korea,32.00745162,86.2,55,NA,NA,1.80829975,NA,NA,NA,NA,32.00745162,NA,2634.702508,NA,NA,NA,NA,NA,NA,NA,NA,NA,NA
PRT,620,Portugal,8.160752248,0.6,40.1,48.33,28.1,1.437475134,2,70.5,41.5,0.031527688,8.160752248,99.91056976,3689.212936,198.5085837,85.8,100,87,55,29.79,0.975,42,72.8,38.6
PRY,600,Paraguay,11.90908085,33.2,41.1,30,42.5,NA,16.6,54.8,49.3,0,11.90908085,99.59110869,17037.86396,120.0566329,30.5,98.3,42.8,0.7,70.554,NA,19.9,0,63.4
PSE,275,State of Palestine,33.22563038,1,53.9,NA,NA,0.094975347,NA,NA,NA,NA,33.22563038,97.58650628,NA,NA,NA,NA,NA,NA,NA,NA,NA,NA,NA
PYF,258,French Polynesia,NA,NA,NA,NA,NA,19.91798496,NA,NA,NA,NA,NA,100,NA,296.64,NA,NA,NA,NA,NA,NA,NA,NA,NA
QAT,634,Qatar,91.18732793,0,67.2,118,0,12.12391453,NA,NA,0,0,91.18732793,99.56810194,20.55251774,242.8571429,100,93.2,35.6,70,42.545,NA,3.1,76.5,76.4
ROU,642,Romania,14.61134019,13.2,33.3,104.5,45.2,2.383552177,38.4,60.5,66.6,0.003477705,14.61134019,100,2163.490561,59.19019111,44.7,100,100,30.4,51.738,NA,34.7,84.9,44.2
RUS,643,Russia,16.16022381,2.3,36.2,50.67,9.2,0.780140447,26.3,55.1,43,0.102892736,16.16022381,96.89903399,29841.5039,20.81411273,63.7,75.7,86.3,18.5,52.206,NA,22.5,89.5,79.4
RWA,646,Rwanda,43.21021716,99,47.4,53.33,100,NA,26.3,36.7,57.9,0,43.21021716,60.38192724,792.924774,10.85705479,11.8,52.8,48.2,0,98.425,NA,29.5,94,47.3
SAU,682,Saudi Arabia,87.94544668,0.8,58.2,73,0,0.418070627,100,38.5,100,0.012137328,87.94544668,100,72.50496153,81.23363398,76.2,32.2,37.1,11.8,25.468,NA,6,97.5,74.2
SDN,729,Sudan,55.37083444,41.2,47,19.83,67.7,0.07027762,61.8,45,39.3,0.002446389,55.37083444,60.38348683,98.00703191,8.612303992,19.7,65.4,64.3,0,91.914,NA,9.1,95.1,66.8
SEN,686,Senegal,40.6958259,78.2,42.4,67.5,82.4,3.536303993,22.7,46.4,61.1,0.00036276,40.6958259,83.65219114,1673.221848,22.25,12.3,52.9,46.2,0.5,95.781,NA,38.9,97,53.1
SGP,702,Singapore,19.0782565,0.3,44.5,118,11.9,8.1616391,18.4,NA,NA,0,19.0782565,100,106.9089366,0,100,100,59,100,15.318,NA,5,NA,45.1
SLB,90,Solomon Islands,11.87912184,89.8,16.1,118,100,1.617805597,25.5,NA,NA,0,11.87912184,67.15380158,70279.70379,NA,0,78.4,36.6,0,NA,NA,6.2,62.5,76.2
SLE,694,Sierra Leone,21.62594668,97.2,42.2,76.5,99.3,2.851627671,3.8,63.6,58.7,1.26595696,21.62594668,62.58932917,21366.30296,NA,7,49.3,30.9,0,98.502,NA,14.8,77.9,48.8
SLV,222,El Salvador,24.47229229,12,41.2,91.83,76.8,0.788962098,32.7,42.9,38.6,0,24.47229229,97.78160367,2446.727709,123.7613397,38.6,100,72.6,0.1,77.056,NA,27.9,84.2,44.7
SMR,674,San Marino,NA,NA,NA,NA,NA,0,NA,NA,NA,NA,NA,100,NA,NA,NA,NA,NA,NA,NA,NA,NA,NA,NA
SOM,706,Somalia,32.03458423,97.5,38.1,NA,NA,0.27021218,NA,NA,NA,NA,32.03458423,54.93440661,411.2641128,NA,NA,NA,NA,NA,NA,NA,NA,NA,NA
SRB,688,Serbia,24.72635819,24,35.6,92,23.1,NA,44.5,58.8,56.6,0.10187102,24.72635819,94.91236412,1197.431995,72.91032133,38.7,78.8,99.2,1.7,60.7,NA,31.4,86.7,42.8
SSD,728,South Sudan,45.57750557,99.3,43.3,17.33,NA,NA,NA,NA,NA,NA,45.57750557,40.84165679,2382.965681,NA,NA,NA,NA,NA,NA,NA,NA,NA,NA
STP,678,Sao Tome and Principe,28.53958436,55,40,NA,95.8,0.898821551,100,NA,100,0,28.53958436,78.21445996,10527.02742,NA,16,56.4,37.9,0.3,94.592,NA,29.6,NA,37.2
SUR,740,Suriname,24.78001054,9,23.5,118,41.6,2.697954737,47.1,100,77.5,0,24.78001054,97.54177433,173531.6853,132.1854839,39.3,70.1,94.6,0,60.485,NA,98,91.9,78.1
SVK,703,Slovakia,17.56291134,1.2,45.2,NA,30.5,NA,26.3,68.1,100,9.94E-05,17.56291134,99.78782099,2316.503506,129.3015579,75.2,100,100,43.7,46.09,0.721,46.2,86.4,47.3
SVN,705,Slovenia,16.02397998,10.3,51.4,91.83,28.2,0.096306892,31.9,68.8,100,0,16.02397998,99.5,9035.089248,261.7559688,60.6,100,80,89.1,36.197,0.337,55.8,84,51
SWE,752,Sweden,6.18466509,0.2,35.4,100.5,37,0.981584563,19.8,44.4,47.1,0.107190458,6.18466509,99.82653896,17001.90242,100.3501961,100,100,100,100,14.472,0.653,33.2,69.8,71.6
SWZ,748,Eswatini,17.16878731,56.1,39.8,118,69.7,0,21,72.6,29.8,0,17.16878731,70.68793074,2347.067233,NA,15.5,68.6,52.3,5.7,73.841,NA,34.8,76.2,45
SXM,534,Sint Maarten,NA,NA,NA,NA,NA,NA,NA,NA,NA,NA,NA,NA,NA,NA,NA,NA,NA,NA,NA,NA,NA,NA,NA
SYC,690,Seychelles,20.17864936,0.6,31.4,118,43.5,16.42298755,83.5,100,NA,0,20.17864936,96.85174689,NA,515.6666667,72.3,96.1,76.5,1.6,NA,NA,7.5,NA,23.6
SYR,760,Syria,43.75725947,0.1,53.4,NA,NA,0.025965702,NA,NA,NA,NA,43.75725947,93.90980786,417.181685,2.35000858,NA,NA,NA,NA,78.618,NA,NA,NA,NA
TCA,796,Turks and Caicos Islands,NA,NA,NA,NA,NA,55.87936317,NA,NA,NA,NA,NA,NA,NA,NA,NA,NA,NA,NA,NA,NA,NA,NA,NA
TCD,148,Chad,66.0292055,96,47.1,118,46.5,NA,18.6,52.1,57,0,66.0292055,45.82211121,998.8838472,NA,5.3,57.6,51.7,0,97.343,NA,19.2,91.3,67
TGO,768,Togo,35.73133561,91.2,51.8,118,91.4,0.426619824,23.5,40.2,100,0.007963523,35.73133561,68.37135321,1493.80215,5.779388679,10.7,30.4,69.3,0,96.923,NA,34.9,92.4,47
THA,764,Thailand,26.25672656,21.2,45.5,43.17,37.7,2.90528606,23.3,38.7,28.3,0.000842775,26.25672656,99.96483315,3243.75948,148.9356972,40.1,100,57.4,2,61.588,NA,21.8,69.9,48.2
TJK,762,Tajikistan,46.15218537,29,52.8,104.33,86.5,NA,100,52,100,0.9625926,46.15218537,81.81510922,7146.179114,17.60470219,20.5,28.3,31.4,2.2,NA,NA,27.1,93.3,58
TKM,795,Turkmenistan,21.76772098,0.1,47,NA,0,NA,98.1,58,100,NA,21.76772098,99.79292451,244.0224487,NA,83.2,53.8,35.8,9.8,73.094,NA,2.7,96.4,67.1
TLS,626,Timor-Leste,19.25720917,81.3,34.5,118,67.2,0.676322159,40.7,100,NA,0,19.25720917,NA,6607.628332,NA,11.5,88.3,41.1,0.3,NA,NA,23.8,99.4,47.6
TON,776,Tonga,10.78547886,36.4,32.8,118,69.9,7.347107203,NA,NA,NA,0,10.78547886,98.69465425,NA,8.386,24.3,100,31,0.3,NA,NA,5,NA,59.2
TTO,780,Trinidad and Tobago,24.10856843,0.2,26.3,118,0,2.6525162,36.4,31.5,30.3,0,24.10856843,98.87517077,2774.446195,364,89.6,100,55.7,3.2,33.348,NA,92.2,NA,52.6
TUN,788,Tunisia,37.65599375,0.3,52.8,118,61,1.939264589,16,61.8,100,0.002032724,37.65599375,97.03219313,366.9062621,44.1503644,81.1,91,77.3,43,73.266,NA,4.1,90.9,58.4
TUR,792,Turkey,44.31152568,0.7,49.4,66,38.5,0.530868554,35.6,53.6,47.5,0.027007023,44.31152568,96.86896689,2798.445903,109.7276276,76.2,82.8,85.2,30.4,57.082,0.994,10.9,87,44.3
TUV,798,Tuvalu,NA,NA,NA,118,NA,32.65421347,NA,NA,NA,0,NA,100,NA,NA,NA,NA,NA,NA,NA,NA,NA,NA,NA
TWN,158,Taiwan,NA,9.6,42.7,NA,16,NA,51.2,36.6,25.3,NA,NA,NA,NA,NA,61.2,100,100,7.1,NA,NA,21.2,69.8,51.4
TZA,834,Tanzania,29.07664051,97.9,37.9,66.5,81.6,0.088716314,25.7,47,56.9,0,29.07664051,60.40166847,1536.763078,15.85791111,10.6,58.3,21.9,1.4,96.721,NA,67.3,83.7,53.9
UGA,800,Uganda,50.49432132,97.8,43.4,42.17,93.3,NA,20.1,59.2,66.6,4.25E-05,50.49432132,54.22828289,947.3702314,3.295689855,11.3,46,42.9,0.4,97.412,NA,37.3,86.8,53.8
UKR,804,Ukraine,20.30977582,3.9,39.5,76.17,42.5,1.215087844,25.2,62.7,86.9,0.019692722,20.30977582,93.86696022,1229.056547,65.39278764,51.1,64.9,88.4,14.1,67.639,NA,17.5,84.2,43
URY,858,Uruguay,9.27488332,2.4,32.2,79.67,21,1.516515562,16.7,81.6,38,3.04E-05,9.27488332,99.48723899,26828.49116,210.2581618,64.6,54.7,18.1,2.1,55.605,NA,6.6,72.2,52
USA,840,United States of America,7.409441662,0.2,43.4,NA,4.5,1.167679223,23.2,59.3,59,0.006806595,7.409441662,99.79904438,8667.512166,128.7651689,98,100,100,58.9,10.764,1.319,15.8,83.9,58.2
UZB,860,Uzbekistan,28.4559012,9.9,51.2,118,43.2,NA,72.2,52.2,56,0.215992132,28.4559012,97.82937715,504.4984964,251.9114282,32.8,68.5,73.2,0,NA,NA,1.7,75.2,65.9
VAT,336,Holy See,NA,NA,NA,NA,NA,NA,NA,NA,NA,NA,NA,NA,NA,NA,NA,NA,NA,NA,NA,NA,NA,NA,NA
VCT,670,Saint Vincent and the Grenadines,22.20051632,3.3,21.7,NA,68.5,3.403213626,57.2,100,0,0,22.20051632,NA,910.5312039,NA,50,38.6,39.2,0.8,NA,NA,70.2,NA,42.6
VEN,862,Venezuela,17.00855357,0.3,33.5,118,30.2,1.458119112,38.4,57.3,62.8,NA,17.00855357,93.86289557,27378.64289,177.2692308,74.9,24.1,58.6,6.4,54.91,NA,73,89.1,61.1
VGB,92,British Virgin Islands,NA,NA,NA,NA,NA,28.00742564,NA,NA,NA,NA,NA,NA,NA,NA,NA,NA,NA,NA,NA,NA,NA,NA,NA
VNM,704,Viet Nam,29.62672834,40.8,38.7,50.17,59,15.40582425,14.1,39.7,35.5,0.044360627,29.62672834,96.20509155,3799.128511,415.2737304,24.9,51.5,40,0.3,89.288,NA,25,39.4,50.8
VUT,548,Vanuatu,11.65277703,88.3,25.5,73,68.3,0.827032824,47,100,NA,0,11.65277703,91.21664815,35026.39239,NA,5.9,7.3,25.5,0,96.275,NA,10.6,99,70.5
WLF,876,Wallis and Futuna Islands,NA,NA,NA,NA,NA,NA,NA,NA,NA,NA,NA,NA,NA,NA,NA,NA,NA,NA,NA,NA,NA,NA,NA
WSM,882,Samoa,11.54802701,60.5,32.8,118,67.3,0.37125961,NA,NA,NA,0,11.54802701,91.83825864,NA,1.121538462,14.4,58.5,29.6,0.3,NA,NA,1.5,NA,65.8
XKX,689,Kosovo,NA,NA,NA,NA,NA,NA,NA,NA,NA,NA,NA,NA,NA,NA,NA,NA,NA,NA,NA,NA,NA,NA,NA
YEM,887,Yemen,50.45600689,24.1,48.4,59.33,NA,0.414368245,NA,NA,NA,0,50.45600689,59.71657902,75.44509643,3.832631867,NA,NA,NA,NA,94.352,NA,NA,NA,NA
ZAF,710,South Africa,25.10220499,12.5,39.9,32.5,22,0.067860899,17.1,58.3,45.8,1.07655576,25.10220499,93.5012265,785.8304801,72.83333333,36.2,68.6,70.7,21.7,70.446,NA,24.4,95.1,58.7
ZMB,894,Zambia,27.43803476,80.4,43.6,63.33,70.5,NA,27.6,61.6,63.8,1.203670946,27.43803476,64.61192382,4758.624978,52.51093421,12.5,0,45.1,4.2,96.421,NA,68.6,91.8,65.8
ZWE,716,Zimbabwe,22.25167109,68.8,41.9,6.17,73.8,NA,20.8,47.8,39,0.428761579,22.25167109,63.09495688,861.1607309,38.35,10.2,48.2,33.7,0,96.215,NA,54.1,91.2,58